insert into unit(id, categoryId, name) values (1241, 69, "U.K / Autralia / Ireland");
insert into unit(id, categoryId, name) values (1242, 69, "U.S / Canada");
insert into unit(id, categoryId, name) values (1243, 69, "South America / China / Japan / India");
insert into unit(id, categoryId, name) values (1244, 69, "Italy / Nertherlands / Spain / Switzerland");
insert into unit(id, categoryId, name) values (1245, 69, "in (Circumference)");
insert into unit(id, categoryId, name) values (1246, 69, "in (Diameter)");
insert into unit(id, categoryId, name) values (1247, 69, "mm (Circumference)");
insert into unit(id, categoryId, name) values (1248, 69, "mm (Diameter)");


insert into enumvalue(id, unitid, "value") values (512, 1248, "11.63");
insert into enumvalue(id, unitid, "value") values (513, 1248, "11.84");
insert into enumvalue(id, unitid, "value") values (514, 1248, "12.04");
insert into enumvalue(id, unitid, "value") values (515, 1248, "12.24");
insert into enumvalue(id, unitid, "value") values (516, 1248, "12.45");
insert into enumvalue(id, unitid, "value") values (517, 1248, "12.65");
insert into enumvalue(id, unitid, "value") values (518, 1248, "12.85");
insert into enumvalue(id, unitid, "value") values (519, 1248, "13.06");
insert into enumvalue(id, unitid, "value") values (520, 1248, "13.26");
insert into enumvalue(id, unitid, "value") values (521, 1248, "13.46");
insert into enumvalue(id, unitid, "value") values (522, 1248, "13.67");
insert into enumvalue(id, unitid, "value") values (523, 1248, "13.87");
insert into enumvalue(id, unitid, "value") values (524, 1248, "14.07");
insert into enumvalue(id, unitid, "value") values (525, 1248, "14.27");
insert into enumvalue(id, unitid, "value") values (526, 1248, "14.48");
insert into enumvalue(id, unitid, "value") values (527, 1248, "14.68");
insert into enumvalue(id, unitid, "value") values (528, 1248, "14.88");
insert into enumvalue(id, unitid, "value") values (529, 1248, "15.09");
insert into enumvalue(id, unitid, "value") values (530, 1248, "15.29");
insert into enumvalue(id, unitid, "value") values (531, 1248, "15.49");
insert into enumvalue(id, unitid, "value") values (532, 1248, "15.70");
insert into enumvalue(id, unitid, "value") values (533, 1248, "15.90");
insert into enumvalue(id, unitid, "value") values (534, 1248, "16.10");
insert into enumvalue(id, unitid, "value") values (535, 1248, "16.31");
insert into enumvalue(id, unitid, "value") values (536, 1248, "16.51");
insert into enumvalue(id, unitid, "value") values (537, 1248, "16.71");
insert into enumvalue(id, unitid, "value") values (538, 1248, "16.92");
insert into enumvalue(id, unitid, "value") values (539, 1248, "17.12");
insert into enumvalue(id, unitid, "value") values (540, 1248, "17.32");
insert into enumvalue(id, unitid, "value") values (541, 1248, "17.53");
insert into enumvalue(id, unitid, "value") values (542, 1248, "17.73");
insert into enumvalue(id, unitid, "value") values (543, 1248, "17.93");
insert into enumvalue(id, unitid, "value") values (544, 1248, "18.14");
insert into enumvalue(id, unitid, "value") values (545, 1248, "18.34");
insert into enumvalue(id, unitid, "value") values (546, 1248, "18.54");
insert into enumvalue(id, unitid, "value") values (547, 1248, "18.75");
insert into enumvalue(id, unitid, "value") values (548, 1248, "18.95");
insert into enumvalue(id, unitid, "value") values (549, 1248, "19.15");
insert into enumvalue(id, unitid, "value") values (550, 1248, "19.35");
insert into enumvalue(id, unitid, "value") values (551, 1248, "19.56");
insert into enumvalue(id, unitid, "value") values (552, 1248, "19.76");
insert into enumvalue(id, unitid, "value") values (553, 1248, "19.96");
insert into enumvalue(id, unitid, "value") values (554, 1248, "20.17");
insert into enumvalue(id, unitid, "value") values (555, 1248, "20.37");
insert into enumvalue(id, unitid, "value") values (556, 1248, "20.57");
insert into enumvalue(id, unitid, "value") values (557, 1248, "20.78");
insert into enumvalue(id, unitid, "value") values (558, 1248, "20.98");
insert into enumvalue(id, unitid, "value") values (559, 1248, "21.18");
insert into enumvalue(id, unitid, "value") values (560, 1248, "21.39");
insert into enumvalue(id, unitid, "value") values (561, 1248, "21.59");
insert into enumvalue(id, unitid, "value") values (562, 1248, "21.79");
insert into enumvalue(id, unitid, "value") values (563, 1248, "22");
insert into enumvalue(id, unitid, "value") values (564, 1248, "22.20");
insert into enumvalue(id, unitid, "value") values (565, 1248, "22.40");
insert into enumvalue(id, unitid, "value") values (566, 1248, "22.61");
insert into enumvalue(id, unitid, "value") values (567, 1248, "22.81");
insert into enumvalue(id, unitid, "value") values (568, 1248, "23.01");
insert into enumvalue(id, unitid, "value") values (569, 1248, "23.22");
insert into enumvalue(id, unitid, "value") values (570, 1248, "23.42");
insert into enumvalue(id, unitid, "value") values (571, 1248, "23.62");
insert into enumvalue(id, unitid, "value") values (572, 1248, "23.83");
insert into enumvalue(id, unitid, "value") values (573, 1248, "24.03");
insert into enumvalue(id, unitid, "value") values (574, 1248, "24.23");
insert into enumvalue(id, unitid, "value") values (575, 1248, "24.43");
insert into enumvalue(id, unitid, "value") values (576, 1248, "24.64");
insert into enumvalue(id, unitid, "value") values (577, 1241, "A");
insert into enumvalue(id, unitid, "value") values (578, 1241, "A ½");
insert into enumvalue(id, unitid, "value") values (579, 1241, "B");
insert into enumvalue(id, unitid, "value") values (580, 1241, "B ½");
insert into enumvalue(id, unitid, "value") values (581, 1241, "C");
insert into enumvalue(id, unitid, "value") values (582, 1241, "C ½");
insert into enumvalue(id, unitid, "value") values (583, 1241, "D");
insert into enumvalue(id, unitid, "value") values (584, 1241, "D ½");
insert into enumvalue(id, unitid, "value") values (585, 1241, "E");
insert into enumvalue(id, unitid, "value") values (586, 1241, "E ½");
insert into enumvalue(id, unitid, "value") values (587, 1241, "F");
insert into enumvalue(id, unitid, "value") values (588, 1241, "F ½");
insert into enumvalue(id, unitid, "value") values (589, 1241, "G");
insert into enumvalue(id, unitid, "value") values (590, 1241, "G ½");
insert into enumvalue(id, unitid, "value") values (591, 1241, "H");
insert into enumvalue(id, unitid, "value") values (592, 1241, "H ½");
insert into enumvalue(id, unitid, "value") values (593, 1241, "I");
insert into enumvalue(id, unitid, "value") values (594, 1241, "J");
insert into enumvalue(id, unitid, "value") values (595, 1241, "J ½");
insert into enumvalue(id, unitid, "value") values (596, 1241, "K");
insert into enumvalue(id, unitid, "value") values (597, 1241, "K ½");
insert into enumvalue(id, unitid, "value") values (598, 1241, "L");
insert into enumvalue(id, unitid, "value") values (599, 1241, "L ½");
insert into enumvalue(id, unitid, "value") values (600, 1241, "M");
insert into enumvalue(id, unitid, "value") values (601, 1241, "M ½");
insert into enumvalue(id, unitid, "value") values (602, 1241, "N");
insert into enumvalue(id, unitid, "value") values (603, 1241, "N ½");
insert into enumvalue(id, unitid, "value") values (604, 1241, "O");
insert into enumvalue(id, unitid, "value") values (605, 1241, "O ½");
insert into enumvalue(id, unitid, "value") values (606, 1241, "P");
insert into enumvalue(id, unitid, "value") values (607, 1241, "P ½");
insert into enumvalue(id, unitid, "value") values (608, 1241, "Q");
insert into enumvalue(id, unitid, "value") values (609, 1241, "Q ½");
insert into enumvalue(id, unitid, "value") values (610, 1241, "R");
insert into enumvalue(id, unitid, "value") values (611, 1241, "R ½");
insert into enumvalue(id, unitid, "value") values (612, 1241, "S");
insert into enumvalue(id, unitid, "value") values (613, 1241, "S ½");
insert into enumvalue(id, unitid, "value") values (614, 1241, "T");
insert into enumvalue(id, unitid, "value") values (615, 1241, "T ½");
insert into enumvalue(id, unitid, "value") values (616, 1241, "U");
insert into enumvalue(id, unitid, "value") values (617, 1241, "U ½");
insert into enumvalue(id, unitid, "value") values (618, 1241, "V");
insert into enumvalue(id, unitid, "value") values (619, 1241, "V ½");
insert into enumvalue(id, unitid, "value") values (620, 1241, "W");
insert into enumvalue(id, unitid, "value") values (621, 1241, "W ½");
insert into enumvalue(id, unitid, "value") values (622, 1241, "X");
insert into enumvalue(id, unitid, "value") values (623, 1241, "X ½");
insert into enumvalue(id, unitid, "value") values (624, 1241, "Y");
insert into enumvalue(id, unitid, "value") values (625, 1241, "Z");
insert into enumvalue(id, unitid, "value") values (626, 1241, "Z ½");
insert into enumvalue(id, unitid, "value") values (627, 1241, "Z1");
insert into enumvalue(id, unitid, "value") values (628, 1241, "Z2");
insert into enumvalue(id, unitid, "value") values (629, 1241, "Z3");
insert into enumvalue(id, unitid, "value") values (630, 1241, "Z4");
insert into enumvalue(id, unitid, "value") values (631, 1242, "0");
insert into enumvalue(id, unitid, "value") values (632, 1242, "¼");
insert into enumvalue(id, unitid, "value") values (633, 1242, "½");
insert into enumvalue(id, unitid, "value") values (634, 1242, "¾");
insert into enumvalue(id, unitid, "value") values (635, 1242, "1");
insert into enumvalue(id, unitid, "value") values (636, 1242, "1 ¼");
insert into enumvalue(id, unitid, "value") values (637, 1242, "1 ½");
insert into enumvalue(id, unitid, "value") values (638, 1242, "1 ¾");
insert into enumvalue(id, unitid, "value") values (639, 1242, "2");
insert into enumvalue(id, unitid, "value") values (640, 1242, "2 ¼");
insert into enumvalue(id, unitid, "value") values (641, 1242, "2 ½");
insert into enumvalue(id, unitid, "value") values (642, 1242, "2 ¾");
insert into enumvalue(id, unitid, "value") values (643, 1242, "3");
insert into enumvalue(id, unitid, "value") values (644, 1242, "3 ¼");
insert into enumvalue(id, unitid, "value") values (645, 1242, "3 ½");
insert into enumvalue(id, unitid, "value") values (646, 1242, "3 ¾");
insert into enumvalue(id, unitid, "value") values (647, 1242, "4");
insert into enumvalue(id, unitid, "value") values (648, 1242, "4¼");
insert into enumvalue(id, unitid, "value") values (649, 1242, "4½");
insert into enumvalue(id, unitid, "value") values (650, 1242, "4¾");
insert into enumvalue(id, unitid, "value") values (651, 1242, "5");
insert into enumvalue(id, unitid, "value") values (652, 1242, "5¼");
insert into enumvalue(id, unitid, "value") values (653, 1242, "5½");
insert into enumvalue(id, unitid, "value") values (654, 1242, "5¾");
insert into enumvalue(id, unitid, "value") values (655, 1242, "6");
insert into enumvalue(id, unitid, "value") values (656, 1242, "6¼");
insert into enumvalue(id, unitid, "value") values (657, 1242, "6½");
insert into enumvalue(id, unitid, "value") values (658, 1242, "6¾");
insert into enumvalue(id, unitid, "value") values (659, 1242, "7");
insert into enumvalue(id, unitid, "value") values (660, 1242, "7¼");
insert into enumvalue(id, unitid, "value") values (661, 1242, "7½");
insert into enumvalue(id, unitid, "value") values (662, 1242, "7¾");
insert into enumvalue(id, unitid, "value") values (663, 1242, "8");
insert into enumvalue(id, unitid, "value") values (664, 1242, "8¼");
insert into enumvalue(id, unitid, "value") values (665, 1242, "8½");
insert into enumvalue(id, unitid, "value") values (666, 1242, "8¾");
insert into enumvalue(id, unitid, "value") values (667, 1242, "9");
insert into enumvalue(id, unitid, "value") values (668, 1242, "9¼");
insert into enumvalue(id, unitid, "value") values (669, 1242, "9½");
insert into enumvalue(id, unitid, "value") values (670, 1242, "9¾");
insert into enumvalue(id, unitid, "value") values (671, 1242, "10");
insert into enumvalue(id, unitid, "value") values (672, 1242, "10¼");
insert into enumvalue(id, unitid, "value") values (673, 1242, "10½");
insert into enumvalue(id, unitid, "value") values (674, 1242, "10¾");
insert into enumvalue(id, unitid, "value") values (675, 1242, "11");
insert into enumvalue(id, unitid, "value") values (676, 1242, "11¼");
insert into enumvalue(id, unitid, "value") values (677, 1242, "11½");
insert into enumvalue(id, unitid, "value") values (678, 1242, "11¾");
insert into enumvalue(id, unitid, "value") values (679, 1242, "12");
insert into enumvalue(id, unitid, "value") values (680, 1242, "12¼");
insert into enumvalue(id, unitid, "value") values (681, 1242, "12½");
insert into enumvalue(id, unitid, "value") values (682, 1242, "12¾");
insert into enumvalue(id, unitid, "value") values (683, 1242, "13");
insert into enumvalue(id, unitid, "value") values (684, 1242, "13¼");
insert into enumvalue(id, unitid, "value") values (685, 1242, "13½");
insert into enumvalue(id, unitid, "value") values (686, 1242, "13¾");
insert into enumvalue(id, unitid, "value") values (687, 1242, "14");
insert into enumvalue(id, unitid, "value") values (688, 1242, "14¼");
insert into enumvalue(id, unitid, "value") values (689, 1242, "14½");
insert into enumvalue(id, unitid, "value") values (690, 1242, "14¾");
insert into enumvalue(id, unitid, "value") values (691, 1242, "15");
insert into enumvalue(id, unitid, "value") values (692, 1242, "15¼");
insert into enumvalue(id, unitid, "value") values (693, 1242, "15½");
insert into enumvalue(id, unitid, "value") values (694, 1242, "15¾");
insert into enumvalue(id, unitid, "value") values (695, 1242, "16");
insert into enumvalue(id, unitid, "value") values (696, 1243, "1");
insert into enumvalue(id, unitid, "value") values (697, 1243, "2");
insert into enumvalue(id, unitid, "value") values (698, 1243, "3");
insert into enumvalue(id, unitid, "value") values (699, 1243, "4");
insert into enumvalue(id, unitid, "value") values (700, 1243, "5");
insert into enumvalue(id, unitid, "value") values (701, 1243, "6");
insert into enumvalue(id, unitid, "value") values (702, 1243, "7");
insert into enumvalue(id, unitid, "value") values (703, 1243, "8");
insert into enumvalue(id, unitid, "value") values (704, 1243, "9");
insert into enumvalue(id, unitid, "value") values (705, 1243, "10");
insert into enumvalue(id, unitid, "value") values (706, 1243, "11");
insert into enumvalue(id, unitid, "value") values (707, 1243, "12");
insert into enumvalue(id, unitid, "value") values (708, 1243, "13");
insert into enumvalue(id, unitid, "value") values (709, 1243, "14");
insert into enumvalue(id, unitid, "value") values (710, 1243, "15");
insert into enumvalue(id, unitid, "value") values (711, 1243, "16");
insert into enumvalue(id, unitid, "value") values (712, 1243, "17");
insert into enumvalue(id, unitid, "value") values (713, 1243, "18");
insert into enumvalue(id, unitid, "value") values (714, 1243, "19");
insert into enumvalue(id, unitid, "value") values (715, 1243, "20");
insert into enumvalue(id, unitid, "value") values (716, 1243, "21");
insert into enumvalue(id, unitid, "value") values (717, 1243, "22");
insert into enumvalue(id, unitid, "value") values (718, 1243, "23");
insert into enumvalue(id, unitid, "value") values (719, 1243, "24");
insert into enumvalue(id, unitid, "value") values (720, 1243, "25");
insert into enumvalue(id, unitid, "value") values (721, 1243, "26");
insert into enumvalue(id, unitid, "value") values (722, 1243, "27");
insert into enumvalue(id, unitid, "value") values (723, 1244, "0.5");
insert into enumvalue(id, unitid, "value") values (724, 1244, "1");
insert into enumvalue(id, unitid, "value") values (725, 1244, "1.75");
insert into enumvalue(id, unitid, "value") values (726, 1244, "2.25");
insert into enumvalue(id, unitid, "value") values (727, 1244, "3");
insert into enumvalue(id, unitid, "value") values (728, 1244, "3.5");
insert into enumvalue(id, unitid, "value") values (729, 1244, "4.25");
insert into enumvalue(id, unitid, "value") values (730, 1244, "4.75");
insert into enumvalue(id, unitid, "value") values (731, 1244, "5.5");
insert into enumvalue(id, unitid, "value") values (732, 1244, "6");
insert into enumvalue(id, unitid, "value") values (733, 1244, "6.75");
insert into enumvalue(id, unitid, "value") values (734, 1244, "7.5");
insert into enumvalue(id, unitid, "value") values (735, 1244, "8");
insert into enumvalue(id, unitid, "value") values (736, 1244, "8.75");
insert into enumvalue(id, unitid, "value") values (737, 1244, "9.25");
insert into enumvalue(id, unitid, "value") values (738, 1244, "10");
insert into enumvalue(id, unitid, "value") values (739, 1244, "10.5");
insert into enumvalue(id, unitid, "value") values (740, 1244, "11.25");
insert into enumvalue(id, unitid, "value") values (741, 1244, "11.75");
insert into enumvalue(id, unitid, "value") values (742, 1244, "12.5");
insert into enumvalue(id, unitid, "value") values (743, 1244, "13.25");
insert into enumvalue(id, unitid, "value") values (744, 1244, "13.75");
insert into enumvalue(id, unitid, "value") values (745, 1244, "14.5");
insert into enumvalue(id, unitid, "value") values (746, 1244, "15");
insert into enumvalue(id, unitid, "value") values (747, 1244, "15.75");
insert into enumvalue(id, unitid, "value") values (748, 1244, "16.25");
insert into enumvalue(id, unitid, "value") values (749, 1244, "17");
insert into enumvalue(id, unitid, "value") values (750, 1244, "17.53");
insert into enumvalue(id, unitid, "value") values (751, 1244, "18.25");
insert into enumvalue(id, unitid, "value") values (752, 1244, "19");
insert into enumvalue(id, unitid, "value") values (753, 1244, "19.56");
insert into enumvalue(id, unitid, "value") values (754, 1244, "20.25");
insert into enumvalue(id, unitid, "value") values (755, 1244, "20.75");
insert into enumvalue(id, unitid, "value") values (756, 1244, "21.59");
insert into enumvalue(id, unitid, "value") values (757, 1244, "22");
insert into enumvalue(id, unitid, "value") values (758, 1244, "22.75");
insert into enumvalue(id, unitid, "value") values (759, 1244, "23.25");
insert into enumvalue(id, unitid, "value") values (760, 1244, "24");
insert into enumvalue(id, unitid, "value") values (761, 1244, "24.75");
insert into enumvalue(id, unitid, "value") values (762, 1244, "25.25");
insert into enumvalue(id, unitid, "value") values (763, 1244, "26");
insert into enumvalue(id, unitid, "value") values (764, 1244, "26.5");
insert into enumvalue(id, unitid, "value") values (765, 1244, "27.25");
insert into enumvalue(id, unitid, "value") values (766, 1244, "27.75");
insert into enumvalue(id, unitid, "value") values (767, 1244, "28.5");
insert into enumvalue(id, unitid, "value") values (768, 1244, "29");
insert into enumvalue(id, unitid, "value") values (769, 1244, "29.75");
insert into enumvalue(id, unitid, "value") values (770, 1244, "30.5");
insert into enumvalue(id, unitid, "value") values (771, 1244, "31");
insert into enumvalue(id, unitid, "value") values (772, 1244, "31.75");
insert into enumvalue(id, unitid, "value") values (773, 1244, "32.25");
insert into enumvalue(id, unitid, "value") values (774, 1244, "33");
insert into enumvalue(id, unitid, "value") values (775, 1244, "33.5");
insert into enumvalue(id, unitid, "value") values (776, 1244, "34.25");
insert into enumvalue(id, unitid, "value") values (777, 1244, "34.75");
insert into enumvalue(id, unitid, "value") values (778, 1244, "35.5");
insert into enumvalue(id, unitid, "value") values (779, 1244, "36.25");
insert into enumvalue(id, unitid, "value") values (780, 1244, "36.75");
insert into enumvalue(id, unitid, "value") values (781, 1244, "37.5");
insert into enumvalue(id, unitid, "value") values (782, 1245, "1.44");
insert into enumvalue(id, unitid, "value") values (783, 1245, "1.46");
insert into enumvalue(id, unitid, "value") values (784, 1245, "1.49");
insert into enumvalue(id, unitid, "value") values (785, 1245, "1.51");
insert into enumvalue(id, unitid, "value") values (786, 1245, "1.54");
insert into enumvalue(id, unitid, "value") values (787, 1245, "1.56");
insert into enumvalue(id, unitid, "value") values (788, 1245, "1.59");
insert into enumvalue(id, unitid, "value") values (789, 1245, "1.61");
insert into enumvalue(id, unitid, "value") values (790, 1245, "1.64");
insert into enumvalue(id, unitid, "value") values (791, 1245, "1.67");
insert into enumvalue(id, unitid, "value") values (792, 1245, "1.69");
insert into enumvalue(id, unitid, "value") values (793, 1245, "1.72");
insert into enumvalue(id, unitid, "value") values (794, 1245, "1.74");
insert into enumvalue(id, unitid, "value") values (795, 1245, "1.77");
insert into enumvalue(id, unitid, "value") values (796, 1245, "1.79");
insert into enumvalue(id, unitid, "value") values (797, 1245, "1.82");
insert into enumvalue(id, unitid, "value") values (798, 1245, "1.84");
insert into enumvalue(id, unitid, "value") values (799, 1245, "1.87");
insert into enumvalue(id, unitid, "value") values (800, 1245, "1.89");
insert into enumvalue(id, unitid, "value") values (801, 1245, "1.92");
insert into enumvalue(id, unitid, "value") values (802, 1245, "1.94");
insert into enumvalue(id, unitid, "value") values (803, 1245, "1.97");
insert into enumvalue(id, unitid, "value") values (804, 1245, "1.99");
insert into enumvalue(id, unitid, "value") values (805, 1245, "2.02");
insert into enumvalue(id, unitid, "value") values (806, 1245, "2.04");
insert into enumvalue(id, unitid, "value") values (807, 1245, "2.07");
insert into enumvalue(id, unitid, "value") values (808, 1245, "2.09");
insert into enumvalue(id, unitid, "value") values (809, 1245, "2.12");
insert into enumvalue(id, unitid, "value") values (810, 1245, "2.14");
insert into enumvalue(id, unitid, "value") values (811, 1245, "2.17");
insert into enumvalue(id, unitid, "value") values (812, 1245, "2.19");
insert into enumvalue(id, unitid, "value") values (813, 1245, "2.22");
insert into enumvalue(id, unitid, "value") values (814, 1245, "2.24");
insert into enumvalue(id, unitid, "value") values (815, 1245, "2.27");
insert into enumvalue(id, unitid, "value") values (816, 1245, "2.29");
insert into enumvalue(id, unitid, "value") values (817, 1245, "2.32");
insert into enumvalue(id, unitid, "value") values (818, 1245, "2.34");
insert into enumvalue(id, unitid, "value") values (819, 1245, "2.37");
insert into enumvalue(id, unitid, "value") values (820, 1245, "2.39");
insert into enumvalue(id, unitid, "value") values (821, 1245, "2.42");
insert into enumvalue(id, unitid, "value") values (822, 1245, "2.44");
insert into enumvalue(id, unitid, "value") values (823, 1245, "2.47");
insert into enumvalue(id, unitid, "value") values (824, 1245, "2.49");
insert into enumvalue(id, unitid, "value") values (825, 1245, "2.52");
insert into enumvalue(id, unitid, "value") values (826, 1245, "2.54");
insert into enumvalue(id, unitid, "value") values (827, 1245, "2.57");
insert into enumvalue(id, unitid, "value") values (828, 1245, "2.59");
insert into enumvalue(id, unitid, "value") values (829, 1245, "2.62");
insert into enumvalue(id, unitid, "value") values (830, 1245, "2.64");
insert into enumvalue(id, unitid, "value") values (831, 1245, "2.67");
insert into enumvalue(id, unitid, "value") values (832, 1245, "2.69");
insert into enumvalue(id, unitid, "value") values (833, 1245, "2.72");
insert into enumvalue(id, unitid, "value") values (834, 1245, "2.74");
insert into enumvalue(id, unitid, "value") values (835, 1245, "2.77");
insert into enumvalue(id, unitid, "value") values (836, 1245, "2.8");
insert into enumvalue(id, unitid, "value") values (837, 1245, "2.82");
insert into enumvalue(id, unitid, "value") values (838, 1245, "2.85");
insert into enumvalue(id, unitid, "value") values (839, 1245, "2.87");
insert into enumvalue(id, unitid, "value") values (840, 1245, "2.9");
insert into enumvalue(id, unitid, "value") values (841, 1245, "2.92");
insert into enumvalue(id, unitid, "value") values (842, 1245, "2.95");
insert into enumvalue(id, unitid, "value") values (843, 1245, "2.97");
insert into enumvalue(id, unitid, "value") values (844, 1245, "3");
insert into enumvalue(id, unitid, "value") values (845, 1245, "3.02");
insert into enumvalue(id, unitid, "value") values (846, 1245, "3.05");
insert into enumvalue(id, unitid, "value") values (847, 1246, "0.458");
insert into enumvalue(id, unitid, "value") values (848, 1246, "0.466");
insert into enumvalue(id, unitid, "value") values (849, 1246, "0.474");
insert into enumvalue(id, unitid, "value") values (850, 1246, "0.482");
insert into enumvalue(id, unitid, "value") values (851, 1246, "0.49");
insert into enumvalue(id, unitid, "value") values (852, 1246, "0.498");
insert into enumvalue(id, unitid, "value") values (853, 1246, "0.506");
insert into enumvalue(id, unitid, "value") values (854, 1246, "0.514");
insert into enumvalue(id, unitid, "value") values (855, 1246, "0.522");
insert into enumvalue(id, unitid, "value") values (856, 1246, "0.53");
insert into enumvalue(id, unitid, "value") values (857, 1246, "0.538");
insert into enumvalue(id, unitid, "value") values (858, 1246, "0.546");
insert into enumvalue(id, unitid, "value") values (859, 1246, "0.554");
insert into enumvalue(id, unitid, "value") values (860, 1246, "0.562");
insert into enumvalue(id, unitid, "value") values (861, 1246, "0.57");
insert into enumvalue(id, unitid, "value") values (862, 1246, "0.578");
insert into enumvalue(id, unitid, "value") values (863, 1246, "0.586");
insert into enumvalue(id, unitid, "value") values (864, 1246, "0.594");
insert into enumvalue(id, unitid, "value") values (865, 1246, "0.602");
insert into enumvalue(id, unitid, "value") values (866, 1246, "0.61");
insert into enumvalue(id, unitid, "value") values (867, 1246, "0.618");
insert into enumvalue(id, unitid, "value") values (868, 1246, "0.626");
insert into enumvalue(id, unitid, "value") values (869, 1246, "0.634");
insert into enumvalue(id, unitid, "value") values (870, 1246, "0.642");
insert into enumvalue(id, unitid, "value") values (871, 1246, "0.65");
insert into enumvalue(id, unitid, "value") values (872, 1246, "0.658");
insert into enumvalue(id, unitid, "value") values (873, 1246, "0.666");
insert into enumvalue(id, unitid, "value") values (874, 1246, "0.674");
insert into enumvalue(id, unitid, "value") values (875, 1246, "0.682");
insert into enumvalue(id, unitid, "value") values (876, 1246, "0.69");
insert into enumvalue(id, unitid, "value") values (877, 1246, "0.698");
insert into enumvalue(id, unitid, "value") values (878, 1246, "0.706");
insert into enumvalue(id, unitid, "value") values (879, 1246, "0.714");
insert into enumvalue(id, unitid, "value") values (880, 1246, "0.722");
insert into enumvalue(id, unitid, "value") values (881, 1246, "0.73");
insert into enumvalue(id, unitid, "value") values (882, 1246, "0.738");
insert into enumvalue(id, unitid, "value") values (883, 1246, "0.746");
insert into enumvalue(id, unitid, "value") values (884, 1246, "0.754");
insert into enumvalue(id, unitid, "value") values (885, 1246, "0.762");
insert into enumvalue(id, unitid, "value") values (886, 1246, "0.77");
insert into enumvalue(id, unitid, "value") values (887, 1246, "0.778");
insert into enumvalue(id, unitid, "value") values (888, 1246, "0.786");
insert into enumvalue(id, unitid, "value") values (889, 1246, "0.794");
insert into enumvalue(id, unitid, "value") values (890, 1246, "0.802");
insert into enumvalue(id, unitid, "value") values (891, 1246, "0.81");
insert into enumvalue(id, unitid, "value") values (892, 1246, "0.818");
insert into enumvalue(id, unitid, "value") values (893, 1246, "0.826");
insert into enumvalue(id, unitid, "value") values (894, 1246, "0.834");
insert into enumvalue(id, unitid, "value") values (895, 1246, "0.842");
insert into enumvalue(id, unitid, "value") values (896, 1246, "0.85");
insert into enumvalue(id, unitid, "value") values (897, 1246, "0.858");
insert into enumvalue(id, unitid, "value") values (898, 1246, "0.866");
insert into enumvalue(id, unitid, "value") values (899, 1246, "0.874");
insert into enumvalue(id, unitid, "value") values (900, 1246, "0.882");
insert into enumvalue(id, unitid, "value") values (901, 1246, "0.89");
insert into enumvalue(id, unitid, "value") values (902, 1246, "0.898");
insert into enumvalue(id, unitid, "value") values (903, 1246, "0.906");
insert into enumvalue(id, unitid, "value") values (904, 1246, "0.914");
insert into enumvalue(id, unitid, "value") values (905, 1246, "0.922");
insert into enumvalue(id, unitid, "value") values (906, 1246, "0.93");
insert into enumvalue(id, unitid, "value") values (907, 1246, "0.938");
insert into enumvalue(id, unitid, "value") values (908, 1246, "0.946");
insert into enumvalue(id, unitid, "value") values (909, 1246, "0.954");
insert into enumvalue(id, unitid, "value") values (910, 1246, "0.962");
insert into enumvalue(id, unitid, "value") values (911, 1246, "0.97");
insert into enumvalue(id, unitid, "value") values (912, 1247, "36.5");
insert into enumvalue(id, unitid, "value") values (913, 1247, "37.2");
insert into enumvalue(id, unitid, "value") values (914, 1247, "37.8");
insert into enumvalue(id, unitid, "value") values (915, 1247, "38.5");
insert into enumvalue(id, unitid, "value") values (916, 1247, "39.1");
insert into enumvalue(id, unitid, "value") values (917, 1247, "39.7");
insert into enumvalue(id, unitid, "value") values (918, 1247, "40.4");
insert into enumvalue(id, unitid, "value") values (919, 1247, "41");
insert into enumvalue(id, unitid, "value") values (920, 1247, "41.7");
insert into enumvalue(id, unitid, "value") values (921, 1247, "42.3");
insert into enumvalue(id, unitid, "value") values (922, 1247, "42.9");
insert into enumvalue(id, unitid, "value") values (923, 1247, "43.6");
insert into enumvalue(id, unitid, "value") values (924, 1247, "44.2");
insert into enumvalue(id, unitid, "value") values (925, 1247, "44.8");
insert into enumvalue(id, unitid, "value") values (926, 1247, "45.5");
insert into enumvalue(id, unitid, "value") values (927, 1247, "46.1");
insert into enumvalue(id, unitid, "value") values (928, 1247, "46.8");
insert into enumvalue(id, unitid, "value") values (929, 1247, "47.4");
insert into enumvalue(id, unitid, "value") values (930, 1247, "48");
insert into enumvalue(id, unitid, "value") values (931, 1247, "48.7");
insert into enumvalue(id, unitid, "value") values (932, 1247, "49.3");
insert into enumvalue(id, unitid, "value") values (933, 1247, "50");
insert into enumvalue(id, unitid, "value") values (934, 1247, "50.6");
insert into enumvalue(id, unitid, "value") values (935, 1247, "51.2");
insert into enumvalue(id, unitid, "value") values (936, 1247, "51.9");
insert into enumvalue(id, unitid, "value") values (937, 1247, "52.5");
insert into enumvalue(id, unitid, "value") values (938, 1247, "53.1");
insert into enumvalue(id, unitid, "value") values (939, 1247, "53.8");
insert into enumvalue(id, unitid, "value") values (940, 1247, "54.4");
insert into enumvalue(id, unitid, "value") values (941, 1247, "55.1");
insert into enumvalue(id, unitid, "value") values (942, 1247, "55.7");
insert into enumvalue(id, unitid, "value") values (943, 1247, "56.3");
insert into enumvalue(id, unitid, "value") values (944, 1247, "57");
insert into enumvalue(id, unitid, "value") values (945, 1247, "57.6");
insert into enumvalue(id, unitid, "value") values (946, 1247, "58.3");
insert into enumvalue(id, unitid, "value") values (947, 1247, "58.9");
insert into enumvalue(id, unitid, "value") values (948, 1247, "59.5");
insert into enumvalue(id, unitid, "value") values (949, 1247, "60.2");
insert into enumvalue(id, unitid, "value") values (950, 1247, "60.8");
insert into enumvalue(id, unitid, "value") values (951, 1247, "61.4");
insert into enumvalue(id, unitid, "value") values (952, 1247, "62.1");
insert into enumvalue(id, unitid, "value") values (953, 1247, "62.7");
insert into enumvalue(id, unitid, "value") values (954, 1247, "63.4");
insert into enumvalue(id, unitid, "value") values (955, 1247, "64");
insert into enumvalue(id, unitid, "value") values (956, 1247, "64.6");
insert into enumvalue(id, unitid, "value") values (957, 1247, "65.3");
insert into enumvalue(id, unitid, "value") values (958, 1247, "65.9");
insert into enumvalue(id, unitid, "value") values (959, 1247, "66.6");
insert into enumvalue(id, unitid, "value") values (960, 1247, "67.2");
insert into enumvalue(id, unitid, "value") values (961, 1247, "67.8");
insert into enumvalue(id, unitid, "value") values (962, 1247, "68.5");
insert into enumvalue(id, unitid, "value") values (963, 1247, "69.1");
insert into enumvalue(id, unitid, "value") values (964, 1247, "69.7");
insert into enumvalue(id, unitid, "value") values (965, 1247, "70.4");
insert into enumvalue(id, unitid, "value") values (966, 1247, "71");
insert into enumvalue(id, unitid, "value") values (967, 1247, "71.7");
insert into enumvalue(id, unitid, "value") values (968, 1247, "72.3");
insert into enumvalue(id, unitid, "value") values (969, 1247, "72.9");
insert into enumvalue(id, unitid, "value") values (970, 1247, "73.6");
insert into enumvalue(id, unitid, "value") values (971, 1247, "74.2");
insert into enumvalue(id, unitid, "value") values (972, 1247, "74.8");
insert into enumvalue(id, unitid, "value") values (973, 1247, "75.5");
insert into enumvalue(id, unitid, "value") values (974, 1247, "76.1");
insert into enumvalue(id, unitid, "value") values (975, 1247, "76.8");
insert into enumvalue(id, unitid, "value") values (976, 1247, "77.4");


insert into corresponding(enumId1, enumId2) values (577, 514);
insert into corresponding(enumId1, enumId2) values (578, 515);
insert into corresponding(enumId1, enumId2) values (579, 516);
insert into corresponding(enumId1, enumId2) values (580, 517);
insert into corresponding(enumId1, enumId2) values (581, 518);
insert into corresponding(enumId1, enumId2) values (582, 519);
insert into corresponding(enumId1, enumId2) values (583, 520);
insert into corresponding(enumId1, enumId2) values (584, 521);
insert into corresponding(enumId1, enumId2) values (585, 522);
insert into corresponding(enumId1, enumId2) values (586, 523);
insert into corresponding(enumId1, enumId2) values (587, 524);
insert into corresponding(enumId1, enumId2) values (588, 525);
insert into corresponding(enumId1, enumId2) values (589, 526);
insert into corresponding(enumId1, enumId2) values (590, 527);
insert into corresponding(enumId1, enumId2) values (591, 528);
insert into corresponding(enumId1, enumId2) values (592, 529);
insert into corresponding(enumId1, enumId2) values (593, 530);
insert into corresponding(enumId1, enumId2) values (594, 531);
insert into corresponding(enumId1, enumId2) values (595, 532);
insert into corresponding(enumId1, enumId2) values (596, 533);
insert into corresponding(enumId1, enumId2) values (597, 534);
insert into corresponding(enumId1, enumId2) values (598, 535);
insert into corresponding(enumId1, enumId2) values (599, 536);
insert into corresponding(enumId1, enumId2) values (600, 537);
insert into corresponding(enumId1, enumId2) values (601, 538);
insert into corresponding(enumId1, enumId2) values (602, 539);
insert into corresponding(enumId1, enumId2) values (603, 540);
insert into corresponding(enumId1, enumId2) values (604, 541);
insert into corresponding(enumId1, enumId2) values (605, 542);
insert into corresponding(enumId1, enumId2) values (606, 543);
insert into corresponding(enumId1, enumId2) values (607, 544);
insert into corresponding(enumId1, enumId2) values (608, 545);
insert into corresponding(enumId1, enumId2) values (609, 546);
insert into corresponding(enumId1, enumId2) values (610, 547);
insert into corresponding(enumId1, enumId2) values (611, 548);
insert into corresponding(enumId1, enumId2) values (612, 549);
insert into corresponding(enumId1, enumId2) values (613, 550);
insert into corresponding(enumId1, enumId2) values (614, 551);
insert into corresponding(enumId1, enumId2) values (615, 552);
insert into corresponding(enumId1, enumId2) values (616, 553);
insert into corresponding(enumId1, enumId2) values (617, 554);
insert into corresponding(enumId1, enumId2) values (618, 555);
insert into corresponding(enumId1, enumId2) values (619, 556);
insert into corresponding(enumId1, enumId2) values (620, 557);
insert into corresponding(enumId1, enumId2) values (621, 558);
insert into corresponding(enumId1, enumId2) values (622, 559);
insert into corresponding(enumId1, enumId2) values (623, 560);
insert into corresponding(enumId1, enumId2) values (624, 561);
insert into corresponding(enumId1, enumId2) values (625, 562);
insert into corresponding(enumId1, enumId2) values (626, 563);
insert into corresponding(enumId1, enumId2) values (627, 565);
insert into corresponding(enumId1, enumId2) values (628, 567);
insert into corresponding(enumId1, enumId2) values (629, 568);
insert into corresponding(enumId1, enumId2) values (630, 570);
insert into corresponding(enumId1, enumId2) values (631, 512);
insert into corresponding(enumId1, enumId2) values (632, 513);
insert into corresponding(enumId1, enumId2) values (633, 514);
insert into corresponding(enumId1, enumId2) values (634, 515);
insert into corresponding(enumId1, enumId2) values (635, 516);
insert into corresponding(enumId1, enumId2) values (636, 517);
insert into corresponding(enumId1, enumId2) values (637, 518);
insert into corresponding(enumId1, enumId2) values (638, 519);
insert into corresponding(enumId1, enumId2) values (639, 520);
insert into corresponding(enumId1, enumId2) values (640, 521);
insert into corresponding(enumId1, enumId2) values (641, 522);
insert into corresponding(enumId1, enumId2) values (642, 523);
insert into corresponding(enumId1, enumId2) values (643, 524);
insert into corresponding(enumId1, enumId2) values (644, 525);
insert into corresponding(enumId1, enumId2) values (645, 526);
insert into corresponding(enumId1, enumId2) values (646, 527);
insert into corresponding(enumId1, enumId2) values (647, 528);
insert into corresponding(enumId1, enumId2) values (648, 529);
insert into corresponding(enumId1, enumId2) values (649, 530);
insert into corresponding(enumId1, enumId2) values (650, 531);
insert into corresponding(enumId1, enumId2) values (651, 532);
insert into corresponding(enumId1, enumId2) values (652, 533);
insert into corresponding(enumId1, enumId2) values (653, 534);
insert into corresponding(enumId1, enumId2) values (654, 535);
insert into corresponding(enumId1, enumId2) values (655, 536);
insert into corresponding(enumId1, enumId2) values (656, 537);
insert into corresponding(enumId1, enumId2) values (657, 538);
insert into corresponding(enumId1, enumId2) values (658, 539);
insert into corresponding(enumId1, enumId2) values (659, 540);
insert into corresponding(enumId1, enumId2) values (660, 541);
insert into corresponding(enumId1, enumId2) values (661, 542);
insert into corresponding(enumId1, enumId2) values (662, 543);
insert into corresponding(enumId1, enumId2) values (663, 544);
insert into corresponding(enumId1, enumId2) values (664, 545);
insert into corresponding(enumId1, enumId2) values (665, 546);
insert into corresponding(enumId1, enumId2) values (666, 547);
insert into corresponding(enumId1, enumId2) values (667, 548);
insert into corresponding(enumId1, enumId2) values (668, 549);
insert into corresponding(enumId1, enumId2) values (669, 550);
insert into corresponding(enumId1, enumId2) values (670, 551);
insert into corresponding(enumId1, enumId2) values (671, 552);
insert into corresponding(enumId1, enumId2) values (672, 553);
insert into corresponding(enumId1, enumId2) values (673, 554);
insert into corresponding(enumId1, enumId2) values (674, 555);
insert into corresponding(enumId1, enumId2) values (675, 556);
insert into corresponding(enumId1, enumId2) values (676, 557);
insert into corresponding(enumId1, enumId2) values (677, 558);
insert into corresponding(enumId1, enumId2) values (678, 559);
insert into corresponding(enumId1, enumId2) values (679, 560);
insert into corresponding(enumId1, enumId2) values (680, 561);
insert into corresponding(enumId1, enumId2) values (681, 562);
insert into corresponding(enumId1, enumId2) values (682, 563);
insert into corresponding(enumId1, enumId2) values (683, 564);
insert into corresponding(enumId1, enumId2) values (684, 565);
insert into corresponding(enumId1, enumId2) values (685, 566);
insert into corresponding(enumId1, enumId2) values (686, 567);
insert into corresponding(enumId1, enumId2) values (687, 568);
insert into corresponding(enumId1, enumId2) values (688, 569);
insert into corresponding(enumId1, enumId2) values (689, 570);
insert into corresponding(enumId1, enumId2) values (690, 571);
insert into corresponding(enumId1, enumId2) values (691, 572);
insert into corresponding(enumId1, enumId2) values (692, 573);
insert into corresponding(enumId1, enumId2) values (693, 574);
insert into corresponding(enumId1, enumId2) values (694, 575);
insert into corresponding(enumId1, enumId2) values (695, 576);
insert into corresponding(enumId1, enumId2) values (696, 516);
insert into corresponding(enumId1, enumId2) values (697, 520);
insert into corresponding(enumId1, enumId2) values (698, 522);
insert into corresponding(enumId1, enumId2) values (699, 524);
insert into corresponding(enumId1, enumId2) values (700, 525);
insert into corresponding(enumId1, enumId2) values (701, 527);
insert into corresponding(enumId1, enumId2) values (702, 528);
insert into corresponding(enumId1, enumId2) values (703, 530);
insert into corresponding(enumId1, enumId2) values (704, 532);
insert into corresponding(enumId1, enumId2) values (705, 534);
insert into corresponding(enumId1, enumId2) values (706, 536);
insert into corresponding(enumId1, enumId2) values (707, 537);
insert into corresponding(enumId1, enumId2) values (708, 538);
insert into corresponding(enumId1, enumId2) values (709, 540);
insert into corresponding(enumId1, enumId2) values (710, 542);
insert into corresponding(enumId1, enumId2) values (711, 544);
insert into corresponding(enumId1, enumId2) values (712, 546);
insert into corresponding(enumId1, enumId2) values (713, 548);
insert into corresponding(enumId1, enumId2) values (714, 550);
insert into corresponding(enumId1, enumId2) values (715, 552);
insert into corresponding(enumId1, enumId2) values (716, 553);
insert into corresponding(enumId1, enumId2) values (717, 554);
insert into corresponding(enumId1, enumId2) values (718, 556);
insert into corresponding(enumId1, enumId2) values (719, 558);
insert into corresponding(enumId1, enumId2) values (720, 560);
insert into corresponding(enumId1, enumId2) values (721, 562);
insert into corresponding(enumId1, enumId2) values (722, 564);
insert into corresponding(enumId1, enumId2) values (723, 518);
insert into corresponding(enumId1, enumId2) values (724, 519);
insert into corresponding(enumId1, enumId2) values (725, 520);
insert into corresponding(enumId1, enumId2) values (726, 521);
insert into corresponding(enumId1, enumId2) values (727, 522);
insert into corresponding(enumId1, enumId2) values (728, 523);
insert into corresponding(enumId1, enumId2) values (729, 524);
insert into corresponding(enumId1, enumId2) values (730, 525);
insert into corresponding(enumId1, enumId2) values (731, 526);
insert into corresponding(enumId1, enumId2) values (732, 527);
insert into corresponding(enumId1, enumId2) values (733, 528);
insert into corresponding(enumId1, enumId2) values (734, 529);
insert into corresponding(enumId1, enumId2) values (735, 530);
insert into corresponding(enumId1, enumId2) values (736, 531);
insert into corresponding(enumId1, enumId2) values (737, 532);
insert into corresponding(enumId1, enumId2) values (738, 533);
insert into corresponding(enumId1, enumId2) values (739, 534);
insert into corresponding(enumId1, enumId2) values (740, 535);
insert into corresponding(enumId1, enumId2) values (741, 536);
insert into corresponding(enumId1, enumId2) values (742, 537);
insert into corresponding(enumId1, enumId2) values (743, 538);
insert into corresponding(enumId1, enumId2) values (744, 539);
insert into corresponding(enumId1, enumId2) values (745, 540);
insert into corresponding(enumId1, enumId2) values (746, 541);
insert into corresponding(enumId1, enumId2) values (747, 542);
insert into corresponding(enumId1, enumId2) values (748, 543);
insert into corresponding(enumId1, enumId2) values (749, 544);
insert into corresponding(enumId1, enumId2) values (750, 545);
insert into corresponding(enumId1, enumId2) values (751, 546);
insert into corresponding(enumId1, enumId2) values (752, 547);
insert into corresponding(enumId1, enumId2) values (753, 548);
insert into corresponding(enumId1, enumId2) values (754, 549);
insert into corresponding(enumId1, enumId2) values (755, 550);
insert into corresponding(enumId1, enumId2) values (756, 551);
insert into corresponding(enumId1, enumId2) values (757, 552);
insert into corresponding(enumId1, enumId2) values (758, 553);
insert into corresponding(enumId1, enumId2) values (759, 554);
insert into corresponding(enumId1, enumId2) values (760, 555);
insert into corresponding(enumId1, enumId2) values (761, 556);
insert into corresponding(enumId1, enumId2) values (762, 557);
insert into corresponding(enumId1, enumId2) values (763, 558);
insert into corresponding(enumId1, enumId2) values (764, 559);
insert into corresponding(enumId1, enumId2) values (765, 560);
insert into corresponding(enumId1, enumId2) values (766, 561);
insert into corresponding(enumId1, enumId2) values (767, 562);
insert into corresponding(enumId1, enumId2) values (768, 563);
insert into corresponding(enumId1, enumId2) values (769, 564);
insert into corresponding(enumId1, enumId2) values (770, 565);
insert into corresponding(enumId1, enumId2) values (771, 566);
insert into corresponding(enumId1, enumId2) values (772, 567);
insert into corresponding(enumId1, enumId2) values (773, 568);
insert into corresponding(enumId1, enumId2) values (774, 569);
insert into corresponding(enumId1, enumId2) values (775, 570);
insert into corresponding(enumId1, enumId2) values (776, 571);
insert into corresponding(enumId1, enumId2) values (777, 572);
insert into corresponding(enumId1, enumId2) values (778, 573);
insert into corresponding(enumId1, enumId2) values (779, 574);
insert into corresponding(enumId1, enumId2) values (780, 575);
insert into corresponding(enumId1, enumId2) values (781, 576);
insert into corresponding(enumId1, enumId2) values (782, 512);
insert into corresponding(enumId1, enumId2) values (783, 513);
insert into corresponding(enumId1, enumId2) values (784, 514);
insert into corresponding(enumId1, enumId2) values (785, 515);
insert into corresponding(enumId1, enumId2) values (786, 516);
insert into corresponding(enumId1, enumId2) values (787, 517);
insert into corresponding(enumId1, enumId2) values (788, 518);
insert into corresponding(enumId1, enumId2) values (789, 519);
insert into corresponding(enumId1, enumId2) values (790, 520);
insert into corresponding(enumId1, enumId2) values (791, 521);
insert into corresponding(enumId1, enumId2) values (792, 522);
insert into corresponding(enumId1, enumId2) values (793, 523);
insert into corresponding(enumId1, enumId2) values (794, 524);
insert into corresponding(enumId1, enumId2) values (795, 525);
insert into corresponding(enumId1, enumId2) values (796, 526);
insert into corresponding(enumId1, enumId2) values (797, 527);
insert into corresponding(enumId1, enumId2) values (798, 528);
insert into corresponding(enumId1, enumId2) values (799, 529);
insert into corresponding(enumId1, enumId2) values (800, 530);
insert into corresponding(enumId1, enumId2) values (801, 531);
insert into corresponding(enumId1, enumId2) values (802, 532);
insert into corresponding(enumId1, enumId2) values (803, 533);
insert into corresponding(enumId1, enumId2) values (804, 534);
insert into corresponding(enumId1, enumId2) values (805, 535);
insert into corresponding(enumId1, enumId2) values (806, 536);
insert into corresponding(enumId1, enumId2) values (807, 537);
insert into corresponding(enumId1, enumId2) values (808, 538);
insert into corresponding(enumId1, enumId2) values (809, 539);
insert into corresponding(enumId1, enumId2) values (810, 540);
insert into corresponding(enumId1, enumId2) values (811, 541);
insert into corresponding(enumId1, enumId2) values (812, 542);
insert into corresponding(enumId1, enumId2) values (813, 543);
insert into corresponding(enumId1, enumId2) values (814, 544);
insert into corresponding(enumId1, enumId2) values (815, 545);
insert into corresponding(enumId1, enumId2) values (816, 546);
insert into corresponding(enumId1, enumId2) values (817, 547);
insert into corresponding(enumId1, enumId2) values (818, 548);
insert into corresponding(enumId1, enumId2) values (819, 549);
insert into corresponding(enumId1, enumId2) values (820, 550);
insert into corresponding(enumId1, enumId2) values (821, 551);
insert into corresponding(enumId1, enumId2) values (822, 552);
insert into corresponding(enumId1, enumId2) values (823, 553);
insert into corresponding(enumId1, enumId2) values (824, 554);
insert into corresponding(enumId1, enumId2) values (825, 555);
insert into corresponding(enumId1, enumId2) values (826, 556);
insert into corresponding(enumId1, enumId2) values (827, 557);
insert into corresponding(enumId1, enumId2) values (828, 558);
insert into corresponding(enumId1, enumId2) values (829, 559);
insert into corresponding(enumId1, enumId2) values (830, 560);
insert into corresponding(enumId1, enumId2) values (831, 561);
insert into corresponding(enumId1, enumId2) values (832, 562);
insert into corresponding(enumId1, enumId2) values (833, 563);
insert into corresponding(enumId1, enumId2) values (834, 564);
insert into corresponding(enumId1, enumId2) values (835, 565);
insert into corresponding(enumId1, enumId2) values (836, 566);
insert into corresponding(enumId1, enumId2) values (837, 567);
insert into corresponding(enumId1, enumId2) values (838, 568);
insert into corresponding(enumId1, enumId2) values (839, 569);
insert into corresponding(enumId1, enumId2) values (840, 570);
insert into corresponding(enumId1, enumId2) values (841, 571);
insert into corresponding(enumId1, enumId2) values (842, 572);
insert into corresponding(enumId1, enumId2) values (843, 573);
insert into corresponding(enumId1, enumId2) values (844, 574);
insert into corresponding(enumId1, enumId2) values (845, 575);
insert into corresponding(enumId1, enumId2) values (846, 576);
insert into corresponding(enumId1, enumId2) values (847, 512);
insert into corresponding(enumId1, enumId2) values (848, 513);
insert into corresponding(enumId1, enumId2) values (849, 514);
insert into corresponding(enumId1, enumId2) values (850, 515);
insert into corresponding(enumId1, enumId2) values (851, 516);
insert into corresponding(enumId1, enumId2) values (852, 517);
insert into corresponding(enumId1, enumId2) values (853, 518);
insert into corresponding(enumId1, enumId2) values (854, 519);
insert into corresponding(enumId1, enumId2) values (855, 520);
insert into corresponding(enumId1, enumId2) values (856, 521);
insert into corresponding(enumId1, enumId2) values (857, 522);
insert into corresponding(enumId1, enumId2) values (858, 523);
insert into corresponding(enumId1, enumId2) values (859, 524);
insert into corresponding(enumId1, enumId2) values (860, 525);
insert into corresponding(enumId1, enumId2) values (861, 526);
insert into corresponding(enumId1, enumId2) values (862, 527);
insert into corresponding(enumId1, enumId2) values (863, 528);
insert into corresponding(enumId1, enumId2) values (864, 529);
insert into corresponding(enumId1, enumId2) values (865, 530);
insert into corresponding(enumId1, enumId2) values (866, 531);
insert into corresponding(enumId1, enumId2) values (867, 532);
insert into corresponding(enumId1, enumId2) values (868, 533);
insert into corresponding(enumId1, enumId2) values (869, 534);
insert into corresponding(enumId1, enumId2) values (870, 535);
insert into corresponding(enumId1, enumId2) values (871, 536);
insert into corresponding(enumId1, enumId2) values (872, 537);
insert into corresponding(enumId1, enumId2) values (873, 538);
insert into corresponding(enumId1, enumId2) values (874, 539);
insert into corresponding(enumId1, enumId2) values (875, 540);
insert into corresponding(enumId1, enumId2) values (876, 541);
insert into corresponding(enumId1, enumId2) values (877, 542);
insert into corresponding(enumId1, enumId2) values (878, 543);
insert into corresponding(enumId1, enumId2) values (879, 544);
insert into corresponding(enumId1, enumId2) values (880, 545);
insert into corresponding(enumId1, enumId2) values (881, 546);
insert into corresponding(enumId1, enumId2) values (882, 547);
insert into corresponding(enumId1, enumId2) values (883, 548);
insert into corresponding(enumId1, enumId2) values (884, 549);
insert into corresponding(enumId1, enumId2) values (885, 550);
insert into corresponding(enumId1, enumId2) values (886, 551);
insert into corresponding(enumId1, enumId2) values (887, 552);
insert into corresponding(enumId1, enumId2) values (888, 553);
insert into corresponding(enumId1, enumId2) values (889, 554);
insert into corresponding(enumId1, enumId2) values (890, 555);
insert into corresponding(enumId1, enumId2) values (891, 556);
insert into corresponding(enumId1, enumId2) values (892, 557);
insert into corresponding(enumId1, enumId2) values (893, 558);
insert into corresponding(enumId1, enumId2) values (894, 559);
insert into corresponding(enumId1, enumId2) values (895, 560);
insert into corresponding(enumId1, enumId2) values (896, 561);
insert into corresponding(enumId1, enumId2) values (897, 562);
insert into corresponding(enumId1, enumId2) values (898, 563);
insert into corresponding(enumId1, enumId2) values (899, 564);
insert into corresponding(enumId1, enumId2) values (900, 565);
insert into corresponding(enumId1, enumId2) values (901, 566);
insert into corresponding(enumId1, enumId2) values (902, 567);
insert into corresponding(enumId1, enumId2) values (903, 568);
insert into corresponding(enumId1, enumId2) values (904, 569);
insert into corresponding(enumId1, enumId2) values (905, 570);
insert into corresponding(enumId1, enumId2) values (906, 571);
insert into corresponding(enumId1, enumId2) values (907, 572);
insert into corresponding(enumId1, enumId2) values (908, 573);
insert into corresponding(enumId1, enumId2) values (909, 574);
insert into corresponding(enumId1, enumId2) values (910, 575);
insert into corresponding(enumId1, enumId2) values (911, 576);
insert into corresponding(enumId1, enumId2) values (912, 512);
insert into corresponding(enumId1, enumId2) values (913, 513);
insert into corresponding(enumId1, enumId2) values (914, 514);
insert into corresponding(enumId1, enumId2) values (915, 515);
insert into corresponding(enumId1, enumId2) values (916, 516);
insert into corresponding(enumId1, enumId2) values (917, 517);
insert into corresponding(enumId1, enumId2) values (918, 518);
insert into corresponding(enumId1, enumId2) values (919, 519);
insert into corresponding(enumId1, enumId2) values (920, 520);
insert into corresponding(enumId1, enumId2) values (921, 521);
insert into corresponding(enumId1, enumId2) values (922, 522);
insert into corresponding(enumId1, enumId2) values (923, 523);
insert into corresponding(enumId1, enumId2) values (924, 524);
insert into corresponding(enumId1, enumId2) values (925, 525);
insert into corresponding(enumId1, enumId2) values (926, 526);
insert into corresponding(enumId1, enumId2) values (927, 527);
insert into corresponding(enumId1, enumId2) values (928, 528);
insert into corresponding(enumId1, enumId2) values (929, 529);
insert into corresponding(enumId1, enumId2) values (930, 530);
insert into corresponding(enumId1, enumId2) values (931, 531);
insert into corresponding(enumId1, enumId2) values (932, 532);
insert into corresponding(enumId1, enumId2) values (933, 533);
insert into corresponding(enumId1, enumId2) values (934, 534);
insert into corresponding(enumId1, enumId2) values (935, 535);
insert into corresponding(enumId1, enumId2) values (936, 536);
insert into corresponding(enumId1, enumId2) values (937, 537);
insert into corresponding(enumId1, enumId2) values (938, 538);
insert into corresponding(enumId1, enumId2) values (939, 539);
insert into corresponding(enumId1, enumId2) values (940, 540);
insert into corresponding(enumId1, enumId2) values (941, 541);
insert into corresponding(enumId1, enumId2) values (942, 542);
insert into corresponding(enumId1, enumId2) values (943, 543);
insert into corresponding(enumId1, enumId2) values (944, 544);
insert into corresponding(enumId1, enumId2) values (945, 545);
insert into corresponding(enumId1, enumId2) values (946, 546);
insert into corresponding(enumId1, enumId2) values (947, 547);
insert into corresponding(enumId1, enumId2) values (948, 548);
insert into corresponding(enumId1, enumId2) values (949, 549);
insert into corresponding(enumId1, enumId2) values (950, 550);
insert into corresponding(enumId1, enumId2) values (951, 551);
insert into corresponding(enumId1, enumId2) values (952, 552);
insert into corresponding(enumId1, enumId2) values (953, 553);
insert into corresponding(enumId1, enumId2) values (954, 554);
insert into corresponding(enumId1, enumId2) values (955, 555);
insert into corresponding(enumId1, enumId2) values (956, 556);
insert into corresponding(enumId1, enumId2) values (957, 557);
insert into corresponding(enumId1, enumId2) values (958, 558);
insert into corresponding(enumId1, enumId2) values (959, 559);
insert into corresponding(enumId1, enumId2) values (960, 560);
insert into corresponding(enumId1, enumId2) values (961, 561);
insert into corresponding(enumId1, enumId2) values (962, 562);
insert into corresponding(enumId1, enumId2) values (963, 563);
insert into corresponding(enumId1, enumId2) values (964, 564);
insert into corresponding(enumId1, enumId2) values (965, 565);
insert into corresponding(enumId1, enumId2) values (966, 566);
insert into corresponding(enumId1, enumId2) values (967, 567);
insert into corresponding(enumId1, enumId2) values (968, 568);
insert into corresponding(enumId1, enumId2) values (969, 569);
insert into corresponding(enumId1, enumId2) values (970, 570);
insert into corresponding(enumId1, enumId2) values (971, 571);
insert into corresponding(enumId1, enumId2) values (972, 572);
insert into corresponding(enumId1, enumId2) values (973, 573);
insert into corresponding(enumId1, enumId2) values (974, 574);
insert into corresponding(enumId1, enumId2) values (975, 575);
insert into corresponding(enumId1, enumId2) values (976, 576);


