insert into unit(id, categoryId, name) values (1229, 70, "Autralia");
insert into unit(id, categoryId, name) values (1230, 70, "Canada");
insert into unit(id, categoryId, name) values (1231, 70, "Centimeters");
insert into unit(id, categoryId, name) values (1232, 70, "China");
insert into unit(id, categoryId, name) values (1233, 70, "Europe");
insert into unit(id, categoryId, name) values (1234, 70, "Inches");
insert into unit(id, categoryId, name) values (1235, 70, "Japan");
insert into unit(id, categoryId, name) values (1236, 70, "Korea");
insert into unit(id, categoryId, name) values (1237, 70, "Mexico");
insert into unit(id, categoryId, name) values (1238, 70, "Milimeters");
insert into unit(id, categoryId, name) values (1239, 70, "U.K");
insert into unit(id, categoryId, name) values (1240, 70, "U.S");


insert into enumvalue(id, unitid, "value") values (320, 1229, "3");
insert into enumvalue(id, unitid, "value") values (321, 1229, "3 ½");
insert into enumvalue(id, unitid, "value") values (322, 1229, "4");
insert into enumvalue(id, unitid, "value") values (323, 1229, "4 ½");
insert into enumvalue(id, unitid, "value") values (324, 1229, "5");
insert into enumvalue(id, unitid, "value") values (325, 1229, "5 ½");
insert into enumvalue(id, unitid, "value") values (326, 1229, "6");
insert into enumvalue(id, unitid, "value") values (327, 1229, "6 ½");
insert into enumvalue(id, unitid, "value") values (328, 1229, "7");
insert into enumvalue(id, unitid, "value") values (329, 1229, "7 ½");
insert into enumvalue(id, unitid, "value") values (330, 1229, "8");
insert into enumvalue(id, unitid, "value") values (331, 1229, "8 ½");
insert into enumvalue(id, unitid, "value") values (332, 1229, "10");
insert into enumvalue(id, unitid, "value") values (333, 1229, "11");
insert into enumvalue(id, unitid, "value") values (334, 1229, "12");
insert into enumvalue(id, unitid, "value") values (335, 1229, "13 ½");
insert into enumvalue(id, unitid, "value") values (336, 1230, "3 ½");
insert into enumvalue(id, unitid, "value") values (337, 1230, "4");
insert into enumvalue(id, unitid, "value") values (338, 1230, "4 ½");
insert into enumvalue(id, unitid, "value") values (339, 1230, "5");
insert into enumvalue(id, unitid, "value") values (340, 1230, "5 ½");
insert into enumvalue(id, unitid, "value") values (341, 1230, "6");
insert into enumvalue(id, unitid, "value") values (342, 1230, "6 ½");
insert into enumvalue(id, unitid, "value") values (343, 1230, "7");
insert into enumvalue(id, unitid, "value") values (344, 1230, "7 ½");
insert into enumvalue(id, unitid, "value") values (345, 1230, "8");
insert into enumvalue(id, unitid, "value") values (346, 1230, "8 ½");
insert into enumvalue(id, unitid, "value") values (347, 1230, "9");
insert into enumvalue(id, unitid, "value") values (348, 1230, "10 ½");
insert into enumvalue(id, unitid, "value") values (349, 1230, "11 ½");
insert into enumvalue(id, unitid, "value") values (350, 1230, "12 ½");
insert into enumvalue(id, unitid, "value") values (351, 1230, "14");
insert into enumvalue(id, unitid, "value") values (352, 1231, "22.8");
insert into enumvalue(id, unitid, "value") values (353, 1231, "23.1");
insert into enumvalue(id, unitid, "value") values (354, 1231, "23.5");
insert into enumvalue(id, unitid, "value") values (355, 1231, "23.8");
insert into enumvalue(id, unitid, "value") values (356, 1231, "24.1");
insert into enumvalue(id, unitid, "value") values (357, 1231, "24.5");
insert into enumvalue(id, unitid, "value") values (358, 1231, "24.8");
insert into enumvalue(id, unitid, "value") values (359, 1231, "25.1");
insert into enumvalue(id, unitid, "value") values (360, 1231, "25.4");
insert into enumvalue(id, unitid, "value") values (361, 1231, "25.7");
insert into enumvalue(id, unitid, "value") values (362, 1231, "26");
insert into enumvalue(id, unitid, "value") values (363, 1231, "26.7");
insert into enumvalue(id, unitid, "value") values (364, 1231, "27.3");
insert into enumvalue(id, unitid, "value") values (365, 1231, "27.9");
insert into enumvalue(id, unitid, "value") values (366, 1231, "28.6");
insert into enumvalue(id, unitid, "value") values (367, 1231, "29.2");
insert into enumvalue(id, unitid, "value") values (368, 1232, "35 ½");
insert into enumvalue(id, unitid, "value") values (369, 1232, "36");
insert into enumvalue(id, unitid, "value") values (370, 1232, "37");
insert into enumvalue(id, unitid, "value") values (371, 1232, "37 ½");
insert into enumvalue(id, unitid, "value") values (372, 1232, "38");
insert into enumvalue(id, unitid, "value") values (373, 1232, "39");
insert into enumvalue(id, unitid, "value") values (374, 1232, "39 ½");
insert into enumvalue(id, unitid, "value") values (375, 1232, "40");
insert into enumvalue(id, unitid, "value") values (376, 1232, "41");
insert into enumvalue(id, unitid, "value") values (377, 1232, "41 ½");
insert into enumvalue(id, unitid, "value") values (378, 1232, "42");
insert into enumvalue(id, unitid, "value") values (379, 1232, "43");
insert into enumvalue(id, unitid, "value") values (380, 1232, "44 ½");
insert into enumvalue(id, unitid, "value") values (381, 1232, "46");
insert into enumvalue(id, unitid, "value") values (382, 1232, "47");
insert into enumvalue(id, unitid, "value") values (383, 1232, "49");
insert into enumvalue(id, unitid, "value") values (384, 1233, "35");
insert into enumvalue(id, unitid, "value") values (385, 1233, "35 ½");
insert into enumvalue(id, unitid, "value") values (386, 1233, "36");
insert into enumvalue(id, unitid, "value") values (387, 1233, "37");
insert into enumvalue(id, unitid, "value") values (388, 1233, "37 ½");
insert into enumvalue(id, unitid, "value") values (389, 1233, "38");
insert into enumvalue(id, unitid, "value") values (390, 1233, "38 ½");
insert into enumvalue(id, unitid, "value") values (391, 1233, "39");
insert into enumvalue(id, unitid, "value") values (392, 1233, "40");
insert into enumvalue(id, unitid, "value") values (393, 1233, "41");
insert into enumvalue(id, unitid, "value") values (394, 1233, "42");
insert into enumvalue(id, unitid, "value") values (395, 1233, "43");
insert into enumvalue(id, unitid, "value") values (396, 1233, "44");
insert into enumvalue(id, unitid, "value") values (397, 1233, "45");
insert into enumvalue(id, unitid, "value") values (398, 1233, "46 ½");
insert into enumvalue(id, unitid, "value") values (399, 1233, "48 ½");
insert into enumvalue(id, unitid, "value") values (400, 1234, "9");
insert into enumvalue(id, unitid, "value") values (401, 1234, "9 1/8");
insert into enumvalue(id, unitid, "value") values (402, 1234, "9 ¼");
insert into enumvalue(id, unitid, "value") values (403, 1234, "9 3/8");
insert into enumvalue(id, unitid, "value") values (404, 1234, "9 ½");
insert into enumvalue(id, unitid, "value") values (405, 1234, "9 5/8");
insert into enumvalue(id, unitid, "value") values (406, 1234, "9 ¾");
insert into enumvalue(id, unitid, "value") values (407, 1234, "9 7/8");
insert into enumvalue(id, unitid, "value") values (408, 1234, "10");
insert into enumvalue(id, unitid, "value") values (409, 1234, "10 1/8");
insert into enumvalue(id, unitid, "value") values (410, 1234, "10 ¼");
insert into enumvalue(id, unitid, "value") values (411, 1234, "10 ½");
insert into enumvalue(id, unitid, "value") values (412, 1234, "10 ¾");
insert into enumvalue(id, unitid, "value") values (413, 1234, "11");
insert into enumvalue(id, unitid, "value") values (414, 1234, "11 ¼");
insert into enumvalue(id, unitid, "value") values (415, 1234, "11 ½");
insert into enumvalue(id, unitid, "value") values (416, 1235, "21 ½");
insert into enumvalue(id, unitid, "value") values (417, 1235, "22");
insert into enumvalue(id, unitid, "value") values (418, 1235, "22 ½");
insert into enumvalue(id, unitid, "value") values (419, 1235, "23");
insert into enumvalue(id, unitid, "value") values (420, 1235, "23 ½");
insert into enumvalue(id, unitid, "value") values (421, 1235, "24");
insert into enumvalue(id, unitid, "value") values (422, 1235, "24 ½");
insert into enumvalue(id, unitid, "value") values (423, 1235, "25");
insert into enumvalue(id, unitid, "value") values (424, 1235, "25 ½");
insert into enumvalue(id, unitid, "value") values (425, 1235, "26");
insert into enumvalue(id, unitid, "value") values (426, 1235, "26 ½");
insert into enumvalue(id, unitid, "value") values (427, 1235, "27 ½");
insert into enumvalue(id, unitid, "value") values (428, 1235, "28 ½");
insert into enumvalue(id, unitid, "value") values (429, 1235, "29 ½");
insert into enumvalue(id, unitid, "value") values (430, 1235, "30 ½");
insert into enumvalue(id, unitid, "value") values (431, 1235, "31 ½");
insert into enumvalue(id, unitid, "value") values (432, 1236, "228");
insert into enumvalue(id, unitid, "value") values (433, 1236, "231");
insert into enumvalue(id, unitid, "value") values (434, 1236, "235");
insert into enumvalue(id, unitid, "value") values (435, 1236, "238");
insert into enumvalue(id, unitid, "value") values (436, 1236, "241");
insert into enumvalue(id, unitid, "value") values (437, 1236, "245");
insert into enumvalue(id, unitid, "value") values (438, 1236, "248");
insert into enumvalue(id, unitid, "value") values (439, 1236, "251");
insert into enumvalue(id, unitid, "value") values (440, 1236, "254");
insert into enumvalue(id, unitid, "value") values (441, 1236, "257");
insert into enumvalue(id, unitid, "value") values (442, 1236, "260");
insert into enumvalue(id, unitid, "value") values (443, 1236, "267");
insert into enumvalue(id, unitid, "value") values (444, 1236, "273");
insert into enumvalue(id, unitid, "value") values (445, 1236, "279");
insert into enumvalue(id, unitid, "value") values (446, 1236, "286");
insert into enumvalue(id, unitid, "value") values (447, 1236, "292");
insert into enumvalue(id, unitid, "value") values (448, 1237, "<= 4");
insert into enumvalue(id, unitid, "value") values (449, 1237, "<= 4");
insert into enumvalue(id, unitid, "value") values (450, 1237, "<= 4");
insert into enumvalue(id, unitid, "value") values (451, 1237, "<= 4");
insert into enumvalue(id, unitid, "value") values (452, 1237, "<= 4");
insert into enumvalue(id, unitid, "value") values (453, 1237, "4 ½");
insert into enumvalue(id, unitid, "value") values (454, 1237, "5");
insert into enumvalue(id, unitid, "value") values (455, 1237, "5 ½");
insert into enumvalue(id, unitid, "value") values (456, 1237, "6");
insert into enumvalue(id, unitid, "value") values (457, 1237, "6 ½");
insert into enumvalue(id, unitid, "value") values (458, 1237, "7");
insert into enumvalue(id, unitid, "value") values (459, 1237, "7 ½");
insert into enumvalue(id, unitid, "value") values (460, 1237, "9");
insert into enumvalue(id, unitid, "value") values (461, 1237, "10");
insert into enumvalue(id, unitid, "value") values (462, 1237, "11");
insert into enumvalue(id, unitid, "value") values (463, 1237, "12 ½");
insert into enumvalue(id, unitid, "value") values (464, 1238, "228");
insert into enumvalue(id, unitid, "value") values (465, 1238, "231");
insert into enumvalue(id, unitid, "value") values (466, 1238, "235");
insert into enumvalue(id, unitid, "value") values (467, 1238, "238");
insert into enumvalue(id, unitid, "value") values (468, 1238, "241");
insert into enumvalue(id, unitid, "value") values (469, 1238, "245");
insert into enumvalue(id, unitid, "value") values (470, 1238, "248");
insert into enumvalue(id, unitid, "value") values (471, 1238, "251");
insert into enumvalue(id, unitid, "value") values (472, 1238, "254");
insert into enumvalue(id, unitid, "value") values (473, 1238, "257");
insert into enumvalue(id, unitid, "value") values (474, 1238, "260");
insert into enumvalue(id, unitid, "value") values (475, 1238, "267");
insert into enumvalue(id, unitid, "value") values (476, 1238, "273");
insert into enumvalue(id, unitid, "value") values (477, 1238, "279");
insert into enumvalue(id, unitid, "value") values (478, 1238, "286");
insert into enumvalue(id, unitid, "value") values (479, 1238, "292");
insert into enumvalue(id, unitid, "value") values (480, 1239, "3");
insert into enumvalue(id, unitid, "value") values (481, 1239, "3 ½");
insert into enumvalue(id, unitid, "value") values (482, 1239, "4");
insert into enumvalue(id, unitid, "value") values (483, 1239, "4 ½");
insert into enumvalue(id, unitid, "value") values (484, 1239, "5");
insert into enumvalue(id, unitid, "value") values (485, 1239, "5 ½");
insert into enumvalue(id, unitid, "value") values (486, 1239, "6");
insert into enumvalue(id, unitid, "value") values (487, 1239, "6 ½");
insert into enumvalue(id, unitid, "value") values (488, 1239, "7");
insert into enumvalue(id, unitid, "value") values (489, 1239, "7 ½");
insert into enumvalue(id, unitid, "value") values (490, 1239, "8");
insert into enumvalue(id, unitid, "value") values (491, 1239, "8 ½");
insert into enumvalue(id, unitid, "value") values (492, 1239, "10");
insert into enumvalue(id, unitid, "value") values (493, 1239, "11");
insert into enumvalue(id, unitid, "value") values (494, 1239, "12");
insert into enumvalue(id, unitid, "value") values (495, 1239, "13 ½");
insert into enumvalue(id, unitid, "value") values (496, 1240, "3 ½");
insert into enumvalue(id, unitid, "value") values (497, 1240, "4");
insert into enumvalue(id, unitid, "value") values (498, 1240, "4 ½");
insert into enumvalue(id, unitid, "value") values (499, 1240, "5");
insert into enumvalue(id, unitid, "value") values (500, 1240, "5 ½");
insert into enumvalue(id, unitid, "value") values (501, 1240, "6");
insert into enumvalue(id, unitid, "value") values (502, 1240, "6 ½");
insert into enumvalue(id, unitid, "value") values (503, 1240, "7");
insert into enumvalue(id, unitid, "value") values (504, 1240, "7 ½");
insert into enumvalue(id, unitid, "value") values (505, 1240, "8");
insert into enumvalue(id, unitid, "value") values (506, 1240, "8 ½");
insert into enumvalue(id, unitid, "value") values (507, 1240, "9");
insert into enumvalue(id, unitid, "value") values (508, 1240, "10 ½");
insert into enumvalue(id, unitid, "value") values (509, 1240, "11 ½");
insert into enumvalue(id, unitid, "value") values (510, 1240, "12 ½");
insert into enumvalue(id, unitid, "value") values (511, 1240, "14");


insert into corresponding(enumId1, enumId2) values (336, 320);
insert into corresponding(enumId1, enumId2) values (337, 321);
insert into corresponding(enumId1, enumId2) values (338, 322);
insert into corresponding(enumId1, enumId2) values (339, 323);
insert into corresponding(enumId1, enumId2) values (340, 324);
insert into corresponding(enumId1, enumId2) values (341, 325);
insert into corresponding(enumId1, enumId2) values (342, 326);
insert into corresponding(enumId1, enumId2) values (343, 327);
insert into corresponding(enumId1, enumId2) values (344, 328);
insert into corresponding(enumId1, enumId2) values (345, 329);
insert into corresponding(enumId1, enumId2) values (346, 330);
insert into corresponding(enumId1, enumId2) values (347, 331);
insert into corresponding(enumId1, enumId2) values (348, 332);
insert into corresponding(enumId1, enumId2) values (349, 333);
insert into corresponding(enumId1, enumId2) values (350, 334);
insert into corresponding(enumId1, enumId2) values (351, 335);
insert into corresponding(enumId1, enumId2) values (352, 320);
insert into corresponding(enumId1, enumId2) values (353, 321);
insert into corresponding(enumId1, enumId2) values (354, 322);
insert into corresponding(enumId1, enumId2) values (355, 323);
insert into corresponding(enumId1, enumId2) values (356, 324);
insert into corresponding(enumId1, enumId2) values (357, 325);
insert into corresponding(enumId1, enumId2) values (358, 326);
insert into corresponding(enumId1, enumId2) values (359, 327);
insert into corresponding(enumId1, enumId2) values (360, 328);
insert into corresponding(enumId1, enumId2) values (361, 329);
insert into corresponding(enumId1, enumId2) values (362, 330);
insert into corresponding(enumId1, enumId2) values (363, 331);
insert into corresponding(enumId1, enumId2) values (364, 332);
insert into corresponding(enumId1, enumId2) values (365, 333);
insert into corresponding(enumId1, enumId2) values (366, 334);
insert into corresponding(enumId1, enumId2) values (367, 335);
insert into corresponding(enumId1, enumId2) values (368, 320);
insert into corresponding(enumId1, enumId2) values (369, 321);
insert into corresponding(enumId1, enumId2) values (370, 322);
insert into corresponding(enumId1, enumId2) values (371, 323);
insert into corresponding(enumId1, enumId2) values (372, 324);
insert into corresponding(enumId1, enumId2) values (373, 325);
insert into corresponding(enumId1, enumId2) values (374, 326);
insert into corresponding(enumId1, enumId2) values (375, 327);
insert into corresponding(enumId1, enumId2) values (376, 328);
insert into corresponding(enumId1, enumId2) values (377, 329);
insert into corresponding(enumId1, enumId2) values (378, 330);
insert into corresponding(enumId1, enumId2) values (379, 331);
insert into corresponding(enumId1, enumId2) values (380, 332);
insert into corresponding(enumId1, enumId2) values (381, 333);
insert into corresponding(enumId1, enumId2) values (382, 334);
insert into corresponding(enumId1, enumId2) values (383, 335);
insert into corresponding(enumId1, enumId2) values (384, 320);
insert into corresponding(enumId1, enumId2) values (385, 321);
insert into corresponding(enumId1, enumId2) values (386, 322);
insert into corresponding(enumId1, enumId2) values (387, 323);
insert into corresponding(enumId1, enumId2) values (388, 324);
insert into corresponding(enumId1, enumId2) values (389, 325);
insert into corresponding(enumId1, enumId2) values (390, 326);
insert into corresponding(enumId1, enumId2) values (391, 327);
insert into corresponding(enumId1, enumId2) values (392, 328);
insert into corresponding(enumId1, enumId2) values (393, 329);
insert into corresponding(enumId1, enumId2) values (394, 330);
insert into corresponding(enumId1, enumId2) values (395, 331);
insert into corresponding(enumId1, enumId2) values (396, 332);
insert into corresponding(enumId1, enumId2) values (397, 333);
insert into corresponding(enumId1, enumId2) values (398, 334);
insert into corresponding(enumId1, enumId2) values (399, 335);
insert into corresponding(enumId1, enumId2) values (400, 320);
insert into corresponding(enumId1, enumId2) values (401, 321);
insert into corresponding(enumId1, enumId2) values (402, 322);
insert into corresponding(enumId1, enumId2) values (403, 323);
insert into corresponding(enumId1, enumId2) values (404, 324);
insert into corresponding(enumId1, enumId2) values (405, 325);
insert into corresponding(enumId1, enumId2) values (406, 326);
insert into corresponding(enumId1, enumId2) values (407, 327);
insert into corresponding(enumId1, enumId2) values (408, 328);
insert into corresponding(enumId1, enumId2) values (409, 329);
insert into corresponding(enumId1, enumId2) values (410, 330);
insert into corresponding(enumId1, enumId2) values (411, 331);
insert into corresponding(enumId1, enumId2) values (412, 332);
insert into corresponding(enumId1, enumId2) values (413, 333);
insert into corresponding(enumId1, enumId2) values (414, 334);
insert into corresponding(enumId1, enumId2) values (415, 335);
insert into corresponding(enumId1, enumId2) values (416, 320);
insert into corresponding(enumId1, enumId2) values (417, 321);
insert into corresponding(enumId1, enumId2) values (418, 322);
insert into corresponding(enumId1, enumId2) values (419, 323);
insert into corresponding(enumId1, enumId2) values (420, 324);
insert into corresponding(enumId1, enumId2) values (421, 325);
insert into corresponding(enumId1, enumId2) values (422, 326);
insert into corresponding(enumId1, enumId2) values (423, 327);
insert into corresponding(enumId1, enumId2) values (424, 328);
insert into corresponding(enumId1, enumId2) values (425, 329);
insert into corresponding(enumId1, enumId2) values (426, 330);
insert into corresponding(enumId1, enumId2) values (427, 331);
insert into corresponding(enumId1, enumId2) values (428, 332);
insert into corresponding(enumId1, enumId2) values (429, 333);
insert into corresponding(enumId1, enumId2) values (430, 334);
insert into corresponding(enumId1, enumId2) values (431, 335);
insert into corresponding(enumId1, enumId2) values (432, 320);
insert into corresponding(enumId1, enumId2) values (433, 321);
insert into corresponding(enumId1, enumId2) values (434, 322);
insert into corresponding(enumId1, enumId2) values (435, 323);
insert into corresponding(enumId1, enumId2) values (436, 324);
insert into corresponding(enumId1, enumId2) values (437, 325);
insert into corresponding(enumId1, enumId2) values (438, 326);
insert into corresponding(enumId1, enumId2) values (439, 327);
insert into corresponding(enumId1, enumId2) values (440, 328);
insert into corresponding(enumId1, enumId2) values (441, 329);
insert into corresponding(enumId1, enumId2) values (442, 330);
insert into corresponding(enumId1, enumId2) values (443, 331);
insert into corresponding(enumId1, enumId2) values (444, 332);
insert into corresponding(enumId1, enumId2) values (445, 333);
insert into corresponding(enumId1, enumId2) values (446, 334);
insert into corresponding(enumId1, enumId2) values (447, 335);
insert into corresponding(enumId1, enumId2) values (448, 320);
insert into corresponding(enumId1, enumId2) values (449, 321);
insert into corresponding(enumId1, enumId2) values (450, 322);
insert into corresponding(enumId1, enumId2) values (451, 323);
insert into corresponding(enumId1, enumId2) values (452, 324);
insert into corresponding(enumId1, enumId2) values (453, 325);
insert into corresponding(enumId1, enumId2) values (454, 326);
insert into corresponding(enumId1, enumId2) values (455, 327);
insert into corresponding(enumId1, enumId2) values (456, 328);
insert into corresponding(enumId1, enumId2) values (457, 329);
insert into corresponding(enumId1, enumId2) values (458, 330);
insert into corresponding(enumId1, enumId2) values (459, 331);
insert into corresponding(enumId1, enumId2) values (460, 332);
insert into corresponding(enumId1, enumId2) values (461, 333);
insert into corresponding(enumId1, enumId2) values (462, 334);
insert into corresponding(enumId1, enumId2) values (463, 335);
insert into corresponding(enumId1, enumId2) values (464, 320);
insert into corresponding(enumId1, enumId2) values (465, 321);
insert into corresponding(enumId1, enumId2) values (466, 322);
insert into corresponding(enumId1, enumId2) values (467, 323);
insert into corresponding(enumId1, enumId2) values (468, 324);
insert into corresponding(enumId1, enumId2) values (469, 325);
insert into corresponding(enumId1, enumId2) values (470, 326);
insert into corresponding(enumId1, enumId2) values (471, 327);
insert into corresponding(enumId1, enumId2) values (472, 328);
insert into corresponding(enumId1, enumId2) values (473, 329);
insert into corresponding(enumId1, enumId2) values (474, 330);
insert into corresponding(enumId1, enumId2) values (475, 331);
insert into corresponding(enumId1, enumId2) values (476, 332);
insert into corresponding(enumId1, enumId2) values (477, 333);
insert into corresponding(enumId1, enumId2) values (478, 334);
insert into corresponding(enumId1, enumId2) values (479, 335);
insert into corresponding(enumId1, enumId2) values (480, 320);
insert into corresponding(enumId1, enumId2) values (481, 321);
insert into corresponding(enumId1, enumId2) values (482, 322);
insert into corresponding(enumId1, enumId2) values (483, 323);
insert into corresponding(enumId1, enumId2) values (484, 324);
insert into corresponding(enumId1, enumId2) values (485, 325);
insert into corresponding(enumId1, enumId2) values (486, 326);
insert into corresponding(enumId1, enumId2) values (487, 327);
insert into corresponding(enumId1, enumId2) values (488, 328);
insert into corresponding(enumId1, enumId2) values (489, 329);
insert into corresponding(enumId1, enumId2) values (490, 330);
insert into corresponding(enumId1, enumId2) values (491, 331);
insert into corresponding(enumId1, enumId2) values (492, 332);
insert into corresponding(enumId1, enumId2) values (493, 333);
insert into corresponding(enumId1, enumId2) values (494, 334);
insert into corresponding(enumId1, enumId2) values (495, 335);
insert into corresponding(enumId1, enumId2) values (496, 320);
insert into corresponding(enumId1, enumId2) values (497, 321);
insert into corresponding(enumId1, enumId2) values (498, 322);
insert into corresponding(enumId1, enumId2) values (499, 323);
insert into corresponding(enumId1, enumId2) values (500, 324);
insert into corresponding(enumId1, enumId2) values (501, 325);
insert into corresponding(enumId1, enumId2) values (502, 326);
insert into corresponding(enumId1, enumId2) values (503, 327);
insert into corresponding(enumId1, enumId2) values (504, 328);
insert into corresponding(enumId1, enumId2) values (505, 329);
insert into corresponding(enumId1, enumId2) values (506, 330);
insert into corresponding(enumId1, enumId2) values (507, 331);
insert into corresponding(enumId1, enumId2) values (508, 332);
insert into corresponding(enumId1, enumId2) values (509, 333);
insert into corresponding(enumId1, enumId2) values (510, 334);
insert into corresponding(enumId1, enumId2) values (511, 335);

