

select * from unit where categoryId = 7;

-- insert units "Clothing Size - Women" category

-- insert into unit(id, categoryId, name) values (1207, 7, "Autralia");
-- insert into unit(id, categoryId, name) values (1208, 7, "France");
-- insert into unit(id, categoryId, name) values (1209, 7, "Germany");
insert into unit(id, categoryId, name) values (1210, 7, "Italy");
insert into unit(id, categoryId, name) values (1211, 7, "Japan");
insert into unit(id, categoryId, name) values (1212, 7, "U.K");
insert into unit(id, categoryId, name) values (1213, 7, "U.S");
insert into unit(id, categoryId, name) values (1214, 7, "U.S.x");

-- insert enumValues to units above

-- insert into enumvalue(id, unitid, "value") values (1, 1207, "6");
insert into enumvalue(id, unitid, "value") values (2, 1207, "8");
insert into enumvalue(id, unitid, "value") values (3, 1207, "10");
insert into enumvalue(id, unitid, "value") values (4, 1207, "12");
insert into enumvalue(id, unitid, "value") values (5, 1207, "14");
insert into enumvalue(id, unitid, "value") values (6, 1207, "16");
insert into enumvalue(id, unitid, "value") values (7, 1207, "18");
insert into enumvalue(id, unitid, "value") values (8, 1207, "20");
insert into enumvalue(id, unitid, "value") values (9, 1207, "22");
insert into enumvalue(id, unitid, "value") values (10, 1207, "24");
insert into enumvalue(id, unitid, "value") values (11, 1207, "26");
insert into enumvalue(id, unitid, "value") values (12, 1207, "28");
insert into enumvalue(id, unitid, "value") values (13, 1208, "32");
insert into enumvalue(id, unitid, "value") values (14, 1208, "34");
insert into enumvalue(id, unitid, "value") values (15, 1208, "36");
insert into enumvalue(id, unitid, "value") values (16, 1208, "38");
insert into enumvalue(id, unitid, "value") values (17, 1208, "40");
insert into enumvalue(id, unitid, "value") values (18, 1208, "42");
insert into enumvalue(id, unitid, "value") values (19, 1208, "44");
insert into enumvalue(id, unitid, "value") values (20, 1208, "46");
insert into enumvalue(id, unitid, "value") values (21, 1208, "48");
insert into enumvalue(id, unitid, "value") values (22, 1208, "50");
insert into enumvalue(id, unitid, "value") values (23, 1208, "52");
insert into enumvalue(id, unitid, "value") values (24, 1208, "54");
insert into enumvalue(id, unitid, "value") values (25, 1208, "56");
insert into enumvalue(id, unitid, "value") values (26, 1209, "30");
insert into enumvalue(id, unitid, "value") values (27, 1209, "32");
insert into enumvalue(id, unitid, "value") values (28, 1209, "34");
insert into enumvalue(id, unitid, "value") values (29, 1209, "36");
insert into enumvalue(id, unitid, "value") values (30, 1209, "38");
insert into enumvalue(id, unitid, "value") values (31, 1209, "40");
insert into enumvalue(id, unitid, "value") values (32, 1209, "42");
insert into enumvalue(id, unitid, "value") values (33, 1209, "44");
insert into enumvalue(id, unitid, "value") values (34, 1209, "46");
insert into enumvalue(id, unitid, "value") values (35, 1209, "48");
insert into enumvalue(id, unitid, "value") values (36, 1209, "50");
insert into enumvalue(id, unitid, "value") values (37, 1209, "52");
insert into enumvalue(id, unitid, "value") values (38, 1210, "36");
insert into enumvalue(id, unitid, "value") values (39, 1210, "38");
insert into enumvalue(id, unitid, "value") values (40, 1210, "40");
insert into enumvalue(id, unitid, "value") values (41, 1210, "42");
insert into enumvalue(id, unitid, "value") values (42, 1210, "44");
insert into enumvalue(id, unitid, "value") values (43, 1210, "46");
insert into enumvalue(id, unitid, "value") values (44, 1210, "48");
insert into enumvalue(id, unitid, "value") values (45, 1210, "50");
insert into enumvalue(id, unitid, "value") values (46, 1210, "52");
insert into enumvalue(id, unitid, "value") values (47, 1210, "54");
insert into enumvalue(id, unitid, "value") values (48, 1210, "56");
insert into enumvalue(id, unitid, "value") values (49, 1210, "58");
insert into enumvalue(id, unitid, "value") values (50, 1211, "5");
insert into enumvalue(id, unitid, "value") values (51, 1211, "7");
insert into enumvalue(id, unitid, "value") values (52, 1211, "9");
insert into enumvalue(id, unitid, "value") values (53, 1211, "11");
insert into enumvalue(id, unitid, "value") values (54, 1211, "13");
insert into enumvalue(id, unitid, "value") values (55, 1211, "15");
insert into enumvalue(id, unitid, "value") values (56, 1211, "17");
insert into enumvalue(id, unitid, "value") values (57, 1211, "19");
insert into enumvalue(id, unitid, "value") values (58, 1211, "21");
insert into enumvalue(id, unitid, "value") values (59, 1211, "23");
insert into enumvalue(id, unitid, "value") values (60, 1211, "25");
insert into enumvalue(id, unitid, "value") values (61, 1211, "27");
insert into enumvalue(id, unitid, "value") values (62, 1212, "4");
insert into enumvalue(id, unitid, "value") values (63, 1212, "6");
insert into enumvalue(id, unitid, "value") values (64, 1212, "8");
insert into enumvalue(id, unitid, "value") values (65, 1212, "10");
insert into enumvalue(id, unitid, "value") values (66, 1212, "12");
insert into enumvalue(id, unitid, "value") values (67, 1212, "14");
insert into enumvalue(id, unitid, "value") values (68, 1212, "16");
insert into enumvalue(id, unitid, "value") values (69, 1212, "18");
insert into enumvalue(id, unitid, "value") values (70, 1212, "20");
insert into enumvalue(id, unitid, "value") values (71, 1212, "22");
insert into enumvalue(id, unitid, "value") values (72, 1212, "24");
insert into enumvalue(id, unitid, "value") values (73, 1212, "26");
insert into enumvalue(id, unitid, "value") values (74, 1213, "2");
insert into enumvalue(id, unitid, "value") values (75, 1213, "4");
insert into enumvalue(id, unitid, "value") values (76, 1213, "6");
insert into enumvalue(id, unitid, "value") values (77, 1213, "8");
insert into enumvalue(id, unitid, "value") values (78, 1213, "10");
insert into enumvalue(id, unitid, "value") values (79, 1213, "12");
insert into enumvalue(id, unitid, "value") values (80, 1213, "14");
insert into enumvalue(id, unitid, "value") values (81, 1213, "16");
insert into enumvalue(id, unitid, "value") values (82, 1213, "18");
insert into enumvalue(id, unitid, "value") values (83, 1213, "20");
insert into enumvalue(id, unitid, "value") values (84, 1213, "22");
insert into enumvalue(id, unitid, "value") values (85, 1213, "24");
insert into enumvalue(id, unitid, "value") values (86, 1214, "X-Small");
insert into enumvalue(id, unitid, "value") values (87, 1214, "X-Small/Small");
insert into enumvalue(id, unitid, "value") values (88, 1214, "Small");
insert into enumvalue(id, unitid, "value") values (89, 1214, "Medium");
insert into enumvalue(id, unitid, "value") values (90, 1214, "Large");
insert into enumvalue(id, unitid, "value") values (91, 1214, "Large/X-Large");
insert into enumvalue(id, unitid, "value") values (92, 1214, "X-Large/1X");
insert into enumvalue(id, unitid, "value") values (93, 1214, "1X/2X");
insert into enumvalue(id, unitid, "value") values (94, 1214, "2X");
insert into enumvalue(id, unitid, "value") values (95, 1214, "3X");

--coressponding

insert into corresponding(enumId1, enumId2) values (1, 13);
insert into corresponding(enumId1, enumId2) values (2, 14);
insert into corresponding(enumId1, enumId2) values (3, 15);
insert into corresponding(enumId1, enumId2) values (4, 16);
insert into corresponding(enumId1, enumId2) values (5, 17);
insert into corresponding(enumId1, enumId2) values (6, 18);
insert into corresponding(enumId1, enumId2) values (7, 19);
insert into corresponding(enumId1, enumId2) values (8, 20);
insert into corresponding(enumId1, enumId2) values (9, 22);
insert into corresponding(enumId1, enumId2) values (10, 23);
insert into corresponding(enumId1, enumId2) values (11, 24);
insert into corresponding(enumId1, enumId2) values (12, 25);
insert into corresponding(enumId1, enumId2) values (21, 8);
insert into corresponding(enumId1, enumId2) values (26, 13);
insert into corresponding(enumId1, enumId2) values (27, 14);
insert into corresponding(enumId1, enumId2) values (28, 15);
insert into corresponding(enumId1, enumId2) values (29, 16);
insert into corresponding(enumId1, enumId2) values (30, 17);
insert into corresponding(enumId1, enumId2) values (31, 18);
insert into corresponding(enumId1, enumId2) values (32, 19);
insert into corresponding(enumId1, enumId2) values (33, 20);
insert into corresponding(enumId1, enumId2) values (34, 22);
insert into corresponding(enumId1, enumId2) values (35, 23);
insert into corresponding(enumId1, enumId2) values (36, 24);
insert into corresponding(enumId1, enumId2) values (37, 25);
insert into corresponding(enumId1, enumId2) values (38, 13);
insert into corresponding(enumId1, enumId2) values (39, 14);
insert into corresponding(enumId1, enumId2) values (40, 15);
insert into corresponding(enumId1, enumId2) values (41, 16);
insert into corresponding(enumId1, enumId2) values (42, 17);
insert into corresponding(enumId1, enumId2) values (43, 18);
insert into corresponding(enumId1, enumId2) values (44, 19);
insert into corresponding(enumId1, enumId2) values (45, 20);
insert into corresponding(enumId1, enumId2) values (46, 22);
insert into corresponding(enumId1, enumId2) values (47, 23);
insert into corresponding(enumId1, enumId2) values (48, 24);
insert into corresponding(enumId1, enumId2) values (49, 25);
insert into corresponding(enumId1, enumId2) values (50, 13);
insert into corresponding(enumId1, enumId2) values (51, 14);
insert into corresponding(enumId1, enumId2) values (52, 15);
insert into corresponding(enumId1, enumId2) values (53, 16);
insert into corresponding(enumId1, enumId2) values (54, 17);
insert into corresponding(enumId1, enumId2) values (55, 18);
insert into corresponding(enumId1, enumId2) values (56, 19);
insert into corresponding(enumId1, enumId2) values (57, 20);
insert into corresponding(enumId1, enumId2) values (58, 22);
insert into corresponding(enumId1, enumId2) values (59, 23);
insert into corresponding(enumId1, enumId2) values (60, 24);
insert into corresponding(enumId1, enumId2) values (61, 25);
insert into corresponding(enumId1, enumId2) values (62, 13);
insert into corresponding(enumId1, enumId2) values (63, 14);
insert into corresponding(enumId1, enumId2) values (64, 15);
insert into corresponding(enumId1, enumId2) values (65, 16);
insert into corresponding(enumId1, enumId2) values (66, 17);
insert into corresponding(enumId1, enumId2) values (67, 18);
insert into corresponding(enumId1, enumId2) values (68, 19);
insert into corresponding(enumId1, enumId2) values (69, 20);
insert into corresponding(enumId1, enumId2) values (70, 22);
insert into corresponding(enumId1, enumId2) values (71, 23);
insert into corresponding(enumId1, enumId2) values (72, 24);
insert into corresponding(enumId1, enumId2) values (73, 25);
insert into corresponding(enumId1, enumId2) values (74, 13);
insert into corresponding(enumId1, enumId2) values (75, 14);
insert into corresponding(enumId1, enumId2) values (76, 15);
insert into corresponding(enumId1, enumId2) values (77, 16);
insert into corresponding(enumId1, enumId2) values (78, 17);
insert into corresponding(enumId1, enumId2) values (79, 18);
insert into corresponding(enumId1, enumId2) values (80, 19);
insert into corresponding(enumId1, enumId2) values (81, 20);
insert into corresponding(enumId1, enumId2) values (82, 22);
insert into corresponding(enumId1, enumId2) values (83, 23);
insert into corresponding(enumId1, enumId2) values (84, 24);
insert into corresponding(enumId1, enumId2) values (85, 25);
insert into corresponding(enumId1, enumId2) values (86, 13);
insert into corresponding(enumId1, enumId2) values (87, 14);
insert into corresponding(enumId1, enumId2) values (88, 15);
insert into corresponding(enumId1, enumId2) values (89, 16);
insert into corresponding(enumId1, enumId2) values (89, 17);
insert into corresponding(enumId1, enumId2) values (90, 18);
insert into corresponding(enumId1, enumId2) values (91, 19);
insert into corresponding(enumId1, enumId2) values (92, 20);
insert into corresponding(enumId1, enumId2) values (93, 22);
insert into corresponding(enumId1, enumId2) values (94, 23);
insert into corresponding(enumId1, enumId2) values (95, 24);
insert into corresponding(enumId1, enumId2) values (95, 25);