insert into unit(id, categoryId, name) values (1215, 71, "Autralia");
insert into unit(id, categoryId, name) values (1216, 71, "Canada");
insert into unit(id, categoryId, name) values (1217, 71, "Centimeters");
insert into unit(id, categoryId, name) values (1218, 71, "China");
insert into unit(id, categoryId, name) values (1219, 71, "Europe");
insert into unit(id, categoryId, name) values (1220, 71, "Inches");
insert into unit(id, categoryId, name) values (1221, 71, "Japan");
insert into unit(id, categoryId, name) values (1222, 71, "Korea");
insert into unit(id, categoryId, name) values (1223, 71, "Mexico");
insert into unit(id, categoryId, name) values (1224, 71, "Milimeters");
insert into unit(id, categoryId, name) values (1225, 71, "Russia");
insert into unit(id, categoryId, name) values (1226, 71, "U.K");
insert into unit(id, categoryId, name) values (1227, 71, "U.S");
insert into unit(id, categoryId, name) values (1228, 71, "Ukraine");


insert into enumvalue(id, unitid, "value") values (96, 1215, "2 ½");
insert into enumvalue(id, unitid, "value") values (97, 1215, "4");
insert into enumvalue(id, unitid, "value") values (98, 1215, "4 ½");
insert into enumvalue(id, unitid, "value") values (99, 1215, "5");
insert into enumvalue(id, unitid, "value") values (100, 1215, "5 ½");
insert into enumvalue(id, unitid, "value") values (101, 1215, "6");
insert into enumvalue(id, unitid, "value") values (102, 1215, "6 ½");
insert into enumvalue(id, unitid, "value") values (103, 1215, "7");
insert into enumvalue(id, unitid, "value") values (104, 1215, "7 ½");
insert into enumvalue(id, unitid, "value") values (105, 1215, "8");
insert into enumvalue(id, unitid, "value") values (106, 1215, "8 ½");
insert into enumvalue(id, unitid, "value") values (107, 1215, "9 ½");
insert into enumvalue(id, unitid, "value") values (108, 1215, "10 ½");
insert into enumvalue(id, unitid, "value") values (109, 1215, "11 ½");
insert into enumvalue(id, unitid, "value") values (110, 1215, "12 ½");
insert into enumvalue(id, unitid, "value") values (111, 1215, "14");
insert into enumvalue(id, unitid, "value") values (112, 1216, "5");
insert into enumvalue(id, unitid, "value") values (113, 1216, "5 ½");
insert into enumvalue(id, unitid, "value") values (114, 1216, "6");
insert into enumvalue(id, unitid, "value") values (115, 1216, "6 ½");
insert into enumvalue(id, unitid, "value") values (116, 1216, "7");
insert into enumvalue(id, unitid, "value") values (117, 1216, "7 ½");
insert into enumvalue(id, unitid, "value") values (118, 1216, "8");
insert into enumvalue(id, unitid, "value") values (119, 1216, "8 ½");
insert into enumvalue(id, unitid, "value") values (120, 1216, "9");
insert into enumvalue(id, unitid, "value") values (121, 1216, "9 ½");
insert into enumvalue(id, unitid, "value") values (122, 1216, "10");
insert into enumvalue(id, unitid, "value") values (123, 1216, "10 ½");
insert into enumvalue(id, unitid, "value") values (124, 1216, "12");
insert into enumvalue(id, unitid, "value") values (125, 1216, "13");
insert into enumvalue(id, unitid, "value") values (126, 1216, "14");
insert into enumvalue(id, unitid, "value") values (127, 1216, "15 ½");
insert into enumvalue(id, unitid, "value") values (128, 1217, "22.8");
insert into enumvalue(id, unitid, "value") values (129, 1217, "23.1");
insert into enumvalue(id, unitid, "value") values (130, 1217, "23.5");
insert into enumvalue(id, unitid, "value") values (131, 1217, "23.8");
insert into enumvalue(id, unitid, "value") values (132, 1217, "24.1");
insert into enumvalue(id, unitid, "value") values (133, 1217, "24.5");
insert into enumvalue(id, unitid, "value") values (134, 1217, "24.8");
insert into enumvalue(id, unitid, "value") values (135, 1217, "25.1");
insert into enumvalue(id, unitid, "value") values (136, 1217, "25.4");
insert into enumvalue(id, unitid, "value") values (137, 1217, "25.7");
insert into enumvalue(id, unitid, "value") values (138, 1217, "26");
insert into enumvalue(id, unitid, "value") values (139, 1217, "26.7");
insert into enumvalue(id, unitid, "value") values (140, 1217, "27.3");
insert into enumvalue(id, unitid, "value") values (141, 1217, "27.9");
insert into enumvalue(id, unitid, "value") values (142, 1217, "28.6");
insert into enumvalue(id, unitid, "value") values (143, 1217, "29.2");
insert into enumvalue(id, unitid, "value") values (144, 1218, "35 ½");
insert into enumvalue(id, unitid, "value") values (145, 1218, "36");
insert into enumvalue(id, unitid, "value") values (146, 1218, "37");
insert into enumvalue(id, unitid, "value") values (147, 1218, "37 ½");
insert into enumvalue(id, unitid, "value") values (148, 1218, "38");
insert into enumvalue(id, unitid, "value") values (149, 1218, "39");
insert into enumvalue(id, unitid, "value") values (150, 1218, "39 ½");
insert into enumvalue(id, unitid, "value") values (151, 1218, "40");
insert into enumvalue(id, unitid, "value") values (152, 1218, "41");
insert into enumvalue(id, unitid, "value") values (153, 1218, "41 ½");
insert into enumvalue(id, unitid, "value") values (154, 1218, "42");
insert into enumvalue(id, unitid, "value") values (155, 1218, "43");
insert into enumvalue(id, unitid, "value") values (156, 1218, "44 ½");
insert into enumvalue(id, unitid, "value") values (157, 1218, "46");
insert into enumvalue(id, unitid, "value") values (158, 1218, "47");
insert into enumvalue(id, unitid, "value") values (159, 1218, "49");
insert into enumvalue(id, unitid, "value") values (160, 1219, "35");
insert into enumvalue(id, unitid, "value") values (161, 1219, "35 ½");
insert into enumvalue(id, unitid, "value") values (162, 1219, "36");
insert into enumvalue(id, unitid, "value") values (163, 1219, "37");
insert into enumvalue(id, unitid, "value") values (164, 1219, "37 ½");
insert into enumvalue(id, unitid, "value") values (165, 1219, "38");
insert into enumvalue(id, unitid, "value") values (166, 1219, "38 ½");
insert into enumvalue(id, unitid, "value") values (167, 1219, "39");
insert into enumvalue(id, unitid, "value") values (168, 1219, "40");
insert into enumvalue(id, unitid, "value") values (169, 1219, "41");
insert into enumvalue(id, unitid, "value") values (170, 1219, "42");
insert into enumvalue(id, unitid, "value") values (171, 1219, "43");
insert into enumvalue(id, unitid, "value") values (172, 1219, "44");
insert into enumvalue(id, unitid, "value") values (173, 1219, "45");
insert into enumvalue(id, unitid, "value") values (174, 1219, "46 ½");
insert into enumvalue(id, unitid, "value") values (175, 1219, "48 ½");
insert into enumvalue(id, unitid, "value") values (176, 1220, "9");
insert into enumvalue(id, unitid, "value") values (177, 1220, "9 1/8");
insert into enumvalue(id, unitid, "value") values (178, 1220, "9 ¼");
insert into enumvalue(id, unitid, "value") values (179, 1220, "9 3/8");
insert into enumvalue(id, unitid, "value") values (180, 1220, "9 ½");
insert into enumvalue(id, unitid, "value") values (181, 1220, "9 5/8");
insert into enumvalue(id, unitid, "value") values (182, 1220, "9 ¾");
insert into enumvalue(id, unitid, "value") values (183, 1220, "9 7/8");
insert into enumvalue(id, unitid, "value") values (184, 1220, "10");
insert into enumvalue(id, unitid, "value") values (185, 1220, "10 1/8");
insert into enumvalue(id, unitid, "value") values (186, 1220, "10 ¼");
insert into enumvalue(id, unitid, "value") values (187, 1220, "10 ½");
insert into enumvalue(id, unitid, "value") values (188, 1220, "10 ¾");
insert into enumvalue(id, unitid, "value") values (189, 1220, "11");
insert into enumvalue(id, unitid, "value") values (190, 1220, "11 ¼");
insert into enumvalue(id, unitid, "value") values (191, 1220, "11 ½");
insert into enumvalue(id, unitid, "value") values (192, 1221, "21");
insert into enumvalue(id, unitid, "value") values (193, 1221, "21 ½");
insert into enumvalue(id, unitid, "value") values (194, 1221, "22");
insert into enumvalue(id, unitid, "value") values (195, 1221, "22 ½");
insert into enumvalue(id, unitid, "value") values (196, 1221, "23");
insert into enumvalue(id, unitid, "value") values (197, 1221, "23 ½");
insert into enumvalue(id, unitid, "value") values (198, 1221, "24");
insert into enumvalue(id, unitid, "value") values (199, 1221, "24 ½");
insert into enumvalue(id, unitid, "value") values (200, 1221, "25");
insert into enumvalue(id, unitid, "value") values (201, 1221, "25 ½");
insert into enumvalue(id, unitid, "value") values (202, 1221, "26");
insert into enumvalue(id, unitid, "value") values (203, 1221, "27");
insert into enumvalue(id, unitid, "value") values (204, 1221, "28");
insert into enumvalue(id, unitid, "value") values (205, 1221, "29");
insert into enumvalue(id, unitid, "value") values (206, 1221, "30");
insert into enumvalue(id, unitid, "value") values (207, 1221, "31");
insert into enumvalue(id, unitid, "value") values (208, 1222, "228");
insert into enumvalue(id, unitid, "value") values (209, 1222, "231");
insert into enumvalue(id, unitid, "value") values (210, 1222, "235");
insert into enumvalue(id, unitid, "value") values (211, 1222, "238");
insert into enumvalue(id, unitid, "value") values (212, 1222, "241");
insert into enumvalue(id, unitid, "value") values (213, 1222, "245");
insert into enumvalue(id, unitid, "value") values (214, 1222, "248");
insert into enumvalue(id, unitid, "value") values (215, 1222, "251");
insert into enumvalue(id, unitid, "value") values (216, 1222, "254");
insert into enumvalue(id, unitid, "value") values (217, 1222, "257");
insert into enumvalue(id, unitid, "value") values (218, 1222, "260");
insert into enumvalue(id, unitid, "value") values (219, 1222, "267");
insert into enumvalue(id, unitid, "value") values (220, 1222, "273");
insert into enumvalue(id, unitid, "value") values (221, 1222, "279");
insert into enumvalue(id, unitid, "value") values (222, 1222, "286");
insert into enumvalue(id, unitid, "value") values (223, 1222, "292");
insert into enumvalue(id, unitid, "value") values (224, 1223, "< 4");
insert into enumvalue(id, unitid, "value") values (225, 1223, "< 4");
insert into enumvalue(id, unitid, "value") values (226, 1223, "< 4");
insert into enumvalue(id, unitid, "value") values (227, 1223, "< 4");
insert into enumvalue(id, unitid, "value") values (228, 1223, "< 4");
insert into enumvalue(id, unitid, "value") values (229, 1223, "4 ½");
insert into enumvalue(id, unitid, "value") values (230, 1223, "5");
insert into enumvalue(id, unitid, "value") values (231, 1223, "5 ½");
insert into enumvalue(id, unitid, "value") values (232, 1223, "6");
insert into enumvalue(id, unitid, "value") values (233, 1223, "6 ½");
insert into enumvalue(id, unitid, "value") values (234, 1223, "7");
insert into enumvalue(id, unitid, "value") values (235, 1223, "7 ½");
insert into enumvalue(id, unitid, "value") values (236, 1223, "9");
insert into enumvalue(id, unitid, "value") values (237, 1223, "10");
insert into enumvalue(id, unitid, "value") values (238, 1223, "11");
insert into enumvalue(id, unitid, "value") values (239, 1223, "12 ½");
insert into enumvalue(id, unitid, "value") values (240, 1224, "228");
insert into enumvalue(id, unitid, "value") values (241, 1224, "231");
insert into enumvalue(id, unitid, "value") values (242, 1224, "235");
insert into enumvalue(id, unitid, "value") values (243, 1224, "238");
insert into enumvalue(id, unitid, "value") values (244, 1224, "241");
insert into enumvalue(id, unitid, "value") values (245, 1224, "245");
insert into enumvalue(id, unitid, "value") values (246, 1224, "248");
insert into enumvalue(id, unitid, "value") values (247, 1224, "251");
insert into enumvalue(id, unitid, "value") values (248, 1224, "254");
insert into enumvalue(id, unitid, "value") values (249, 1224, "257");
insert into enumvalue(id, unitid, "value") values (250, 1224, "260");
insert into enumvalue(id, unitid, "value") values (251, 1224, "267");
insert into enumvalue(id, unitid, "value") values (252, 1224, "273");
insert into enumvalue(id, unitid, "value") values (253, 1224, "279");
insert into enumvalue(id, unitid, "value") values (254, 1224, "286");
insert into enumvalue(id, unitid, "value") values (255, 1224, "292");
insert into enumvalue(id, unitid, "value") values (256, 1225, "33 ½");
insert into enumvalue(id, unitid, "value") values (257, 1225, "34");
insert into enumvalue(id, unitid, "value") values (258, 1225, "34 ½");
insert into enumvalue(id, unitid, "value") values (259, 1225, "35");
insert into enumvalue(id, unitid, "value") values (260, 1225, "35 ½");
insert into enumvalue(id, unitid, "value") values (261, 1225, "36");
insert into enumvalue(id, unitid, "value") values (262, 1225, "36 ½");
insert into enumvalue(id, unitid, "value") values (263, 1225, "37");
insert into enumvalue(id, unitid, "value") values (264, 1225, "37 ½");
insert into enumvalue(id, unitid, "value") values (265, 1225, "38");
insert into enumvalue(id, unitid, "value") values (266, 1225, "38 ½");
insert into enumvalue(id, unitid, "value") values (267, 1225, "39");
insert into enumvalue(id, unitid, "value") values (268, 1225, "> 39");
insert into enumvalue(id, unitid, "value") values (269, 1225, "> 39");
insert into enumvalue(id, unitid, "value") values (270, 1225, "> 39");
insert into enumvalue(id, unitid, "value") values (271, 1225, "> 39");
insert into enumvalue(id, unitid, "value") values (272, 1226, "2 ½");
insert into enumvalue(id, unitid, "value") values (273, 1226, "3");
insert into enumvalue(id, unitid, "value") values (274, 1226, "3 ½");
insert into enumvalue(id, unitid, "value") values (275, 1226, "4");
insert into enumvalue(id, unitid, "value") values (276, 1226, "4 ½");
insert into enumvalue(id, unitid, "value") values (277, 1226, "5");
insert into enumvalue(id, unitid, "value") values (278, 1226, "5 ½");
insert into enumvalue(id, unitid, "value") values (279, 1226, "6");
insert into enumvalue(id, unitid, "value") values (280, 1226, "6 ½");
insert into enumvalue(id, unitid, "value") values (281, 1226, "7");
insert into enumvalue(id, unitid, "value") values (282, 1226, "7 ½");
insert into enumvalue(id, unitid, "value") values (283, 1226, "8");
insert into enumvalue(id, unitid, "value") values (284, 1226, "9 ½");
insert into enumvalue(id, unitid, "value") values (285, 1226, "10 ½");
insert into enumvalue(id, unitid, "value") values (286, 1226, "11 ½");
insert into enumvalue(id, unitid, "value") values (287, 1226, "13");
insert into enumvalue(id, unitid, "value") values (288, 1227, "5");
insert into enumvalue(id, unitid, "value") values (289, 1227, "5 ½");
insert into enumvalue(id, unitid, "value") values (290, 1227, "6");
insert into enumvalue(id, unitid, "value") values (291, 1227, "6 ½");
insert into enumvalue(id, unitid, "value") values (292, 1227, "7");
insert into enumvalue(id, unitid, "value") values (293, 1227, "7 ½");
insert into enumvalue(id, unitid, "value") values (294, 1227, "8");
insert into enumvalue(id, unitid, "value") values (295, 1227, "8 ½");
insert into enumvalue(id, unitid, "value") values (296, 1227, "9");
insert into enumvalue(id, unitid, "value") values (297, 1227, "9 ½");
insert into enumvalue(id, unitid, "value") values (298, 1227, "10");
insert into enumvalue(id, unitid, "value") values (299, 1227, "10 ½");
insert into enumvalue(id, unitid, "value") values (300, 1227, "12");
insert into enumvalue(id, unitid, "value") values (301, 1227, "13");
insert into enumvalue(id, unitid, "value") values (302, 1227, "14");
insert into enumvalue(id, unitid, "value") values (303, 1227, "15 ½");
insert into enumvalue(id, unitid, "value") values (304, 1228, "33 ½");
insert into enumvalue(id, unitid, "value") values (305, 1228, "34");
insert into enumvalue(id, unitid, "value") values (306, 1228, "34 ½");
insert into enumvalue(id, unitid, "value") values (307, 1228, "35");
insert into enumvalue(id, unitid, "value") values (308, 1228, "35 ½");
insert into enumvalue(id, unitid, "value") values (309, 1228, "36");
insert into enumvalue(id, unitid, "value") values (310, 1228, "36 ½");
insert into enumvalue(id, unitid, "value") values (311, 1228, "37");
insert into enumvalue(id, unitid, "value") values (312, 1228, "37 ½");
insert into enumvalue(id, unitid, "value") values (313, 1228, "38");
insert into enumvalue(id, unitid, "value") values (314, 1228, "38 ½");
insert into enumvalue(id, unitid, "value") values (315, 1228, "39");
insert into enumvalue(id, unitid, "value") values (316, 1228, "> 39");
insert into enumvalue(id, unitid, "value") values (317, 1228, "> 39");
insert into enumvalue(id, unitid, "value") values (318, 1228, "> 39");
insert into enumvalue(id, unitid, "value") values (319, 1228, "> 39");



insert into corresponding(enumId1, enumId2) values (112, 96);
insert into corresponding(enumId1, enumId2) values (113, 97);
insert into corresponding(enumId1, enumId2) values (114, 98);
insert into corresponding(enumId1, enumId2) values (115, 99);
insert into corresponding(enumId1, enumId2) values (116, 100);
insert into corresponding(enumId1, enumId2) values (117, 101);
insert into corresponding(enumId1, enumId2) values (118, 102);
insert into corresponding(enumId1, enumId2) values (119, 103);
insert into corresponding(enumId1, enumId2) values (120, 104);
insert into corresponding(enumId1, enumId2) values (121, 105);
insert into corresponding(enumId1, enumId2) values (122, 106);
insert into corresponding(enumId1, enumId2) values (123, 107);
insert into corresponding(enumId1, enumId2) values (124, 108);
insert into corresponding(enumId1, enumId2) values (125, 109);
insert into corresponding(enumId1, enumId2) values (126, 110);
insert into corresponding(enumId1, enumId2) values (127, 111);
insert into corresponding(enumId1, enumId2) values (128, 96);
insert into corresponding(enumId1, enumId2) values (129, 97);
insert into corresponding(enumId1, enumId2) values (130, 98);
insert into corresponding(enumId1, enumId2) values (131, 99);
insert into corresponding(enumId1, enumId2) values (132, 100);
insert into corresponding(enumId1, enumId2) values (133, 101);
insert into corresponding(enumId1, enumId2) values (134, 102);
insert into corresponding(enumId1, enumId2) values (135, 103);
insert into corresponding(enumId1, enumId2) values (136, 104);
insert into corresponding(enumId1, enumId2) values (137, 105);
insert into corresponding(enumId1, enumId2) values (138, 106);
insert into corresponding(enumId1, enumId2) values (139, 107);
insert into corresponding(enumId1, enumId2) values (140, 108);
insert into corresponding(enumId1, enumId2) values (141, 109);
insert into corresponding(enumId1, enumId2) values (142, 110);
insert into corresponding(enumId1, enumId2) values (143, 111);
insert into corresponding(enumId1, enumId2) values (144, 96);
insert into corresponding(enumId1, enumId2) values (145, 97);
insert into corresponding(enumId1, enumId2) values (146, 98);
insert into corresponding(enumId1, enumId2) values (147, 99);
insert into corresponding(enumId1, enumId2) values (148, 100);
insert into corresponding(enumId1, enumId2) values (149, 101);
insert into corresponding(enumId1, enumId2) values (150, 102);
insert into corresponding(enumId1, enumId2) values (151, 103);
insert into corresponding(enumId1, enumId2) values (152, 104);
insert into corresponding(enumId1, enumId2) values (153, 105);
insert into corresponding(enumId1, enumId2) values (154, 106);
insert into corresponding(enumId1, enumId2) values (155, 107);
insert into corresponding(enumId1, enumId2) values (156, 108);
insert into corresponding(enumId1, enumId2) values (157, 109);
insert into corresponding(enumId1, enumId2) values (158, 110);
insert into corresponding(enumId1, enumId2) values (159, 111);
insert into corresponding(enumId1, enumId2) values (160, 96);
insert into corresponding(enumId1, enumId2) values (161, 97);
insert into corresponding(enumId1, enumId2) values (162, 98);
insert into corresponding(enumId1, enumId2) values (163, 99);
insert into corresponding(enumId1, enumId2) values (164, 100);
insert into corresponding(enumId1, enumId2) values (165, 101);
insert into corresponding(enumId1, enumId2) values (166, 102);
insert into corresponding(enumId1, enumId2) values (167, 103);
insert into corresponding(enumId1, enumId2) values (168, 104);
insert into corresponding(enumId1, enumId2) values (169, 105);
insert into corresponding(enumId1, enumId2) values (170, 106);
insert into corresponding(enumId1, enumId2) values (171, 107);
insert into corresponding(enumId1, enumId2) values (172, 108);
insert into corresponding(enumId1, enumId2) values (173, 109);
insert into corresponding(enumId1, enumId2) values (174, 110);
insert into corresponding(enumId1, enumId2) values (175, 111);
insert into corresponding(enumId1, enumId2) values (176, 96);
insert into corresponding(enumId1, enumId2) values (177, 97);
insert into corresponding(enumId1, enumId2) values (178, 98);
insert into corresponding(enumId1, enumId2) values (179, 99);
insert into corresponding(enumId1, enumId2) values (180, 100);
insert into corresponding(enumId1, enumId2) values (181, 101);
insert into corresponding(enumId1, enumId2) values (182, 102);
insert into corresponding(enumId1, enumId2) values (183, 103);
insert into corresponding(enumId1, enumId2) values (184, 104);
insert into corresponding(enumId1, enumId2) values (185, 105);
insert into corresponding(enumId1, enumId2) values (186, 106);
insert into corresponding(enumId1, enumId2) values (187, 107);
insert into corresponding(enumId1, enumId2) values (188, 108);
insert into corresponding(enumId1, enumId2) values (189, 109);
insert into corresponding(enumId1, enumId2) values (190, 110);
insert into corresponding(enumId1, enumId2) values (191, 111);
insert into corresponding(enumId1, enumId2) values (192, 96);
insert into corresponding(enumId1, enumId2) values (193, 97);
insert into corresponding(enumId1, enumId2) values (194, 98);
insert into corresponding(enumId1, enumId2) values (195, 99);
insert into corresponding(enumId1, enumId2) values (196, 100);
insert into corresponding(enumId1, enumId2) values (197, 101);
insert into corresponding(enumId1, enumId2) values (198, 102);
insert into corresponding(enumId1, enumId2) values (199, 103);
insert into corresponding(enumId1, enumId2) values (200, 104);
insert into corresponding(enumId1, enumId2) values (201, 105);
insert into corresponding(enumId1, enumId2) values (202, 106);
insert into corresponding(enumId1, enumId2) values (203, 107);
insert into corresponding(enumId1, enumId2) values (204, 108);
insert into corresponding(enumId1, enumId2) values (205, 109);
insert into corresponding(enumId1, enumId2) values (206, 110);
insert into corresponding(enumId1, enumId2) values (207, 111);
insert into corresponding(enumId1, enumId2) values (208, 96);
insert into corresponding(enumId1, enumId2) values (209, 97);
insert into corresponding(enumId1, enumId2) values (210, 98);
insert into corresponding(enumId1, enumId2) values (211, 99);
insert into corresponding(enumId1, enumId2) values (212, 100);
insert into corresponding(enumId1, enumId2) values (213, 101);
insert into corresponding(enumId1, enumId2) values (214, 102);
insert into corresponding(enumId1, enumId2) values (215, 103);
insert into corresponding(enumId1, enumId2) values (216, 104);
insert into corresponding(enumId1, enumId2) values (217, 105);
insert into corresponding(enumId1, enumId2) values (218, 106);
insert into corresponding(enumId1, enumId2) values (219, 107);
insert into corresponding(enumId1, enumId2) values (220, 108);
insert into corresponding(enumId1, enumId2) values (221, 109);
insert into corresponding(enumId1, enumId2) values (222, 110);
insert into corresponding(enumId1, enumId2) values (223, 111);
insert into corresponding(enumId1, enumId2) values (224, 96);
insert into corresponding(enumId1, enumId2) values (225, 97);
insert into corresponding(enumId1, enumId2) values (226, 98);
insert into corresponding(enumId1, enumId2) values (227, 99);
insert into corresponding(enumId1, enumId2) values (228, 100);
insert into corresponding(enumId1, enumId2) values (229, 101);
insert into corresponding(enumId1, enumId2) values (230, 102);
insert into corresponding(enumId1, enumId2) values (231, 103);
insert into corresponding(enumId1, enumId2) values (232, 104);
insert into corresponding(enumId1, enumId2) values (233, 105);
insert into corresponding(enumId1, enumId2) values (234, 106);
insert into corresponding(enumId1, enumId2) values (235, 107);
insert into corresponding(enumId1, enumId2) values (236, 108);
insert into corresponding(enumId1, enumId2) values (237, 109);
insert into corresponding(enumId1, enumId2) values (238, 110);
insert into corresponding(enumId1, enumId2) values (239, 111);
insert into corresponding(enumId1, enumId2) values (240, 96);
insert into corresponding(enumId1, enumId2) values (241, 97);
insert into corresponding(enumId1, enumId2) values (242, 98);
insert into corresponding(enumId1, enumId2) values (243, 99);
insert into corresponding(enumId1, enumId2) values (244, 100);
insert into corresponding(enumId1, enumId2) values (245, 101);
insert into corresponding(enumId1, enumId2) values (246, 102);
insert into corresponding(enumId1, enumId2) values (247, 103);
insert into corresponding(enumId1, enumId2) values (248, 104);
insert into corresponding(enumId1, enumId2) values (249, 105);
insert into corresponding(enumId1, enumId2) values (250, 106);
insert into corresponding(enumId1, enumId2) values (251, 107);
insert into corresponding(enumId1, enumId2) values (252, 108);
insert into corresponding(enumId1, enumId2) values (253, 109);
insert into corresponding(enumId1, enumId2) values (254, 110);
insert into corresponding(enumId1, enumId2) values (255, 111);
insert into corresponding(enumId1, enumId2) values (256, 96);
insert into corresponding(enumId1, enumId2) values (257, 97);
insert into corresponding(enumId1, enumId2) values (258, 98);
insert into corresponding(enumId1, enumId2) values (259, 99);
insert into corresponding(enumId1, enumId2) values (260, 100);
insert into corresponding(enumId1, enumId2) values (261, 101);
insert into corresponding(enumId1, enumId2) values (262, 102);
insert into corresponding(enumId1, enumId2) values (263, 103);
insert into corresponding(enumId1, enumId2) values (264, 104);
insert into corresponding(enumId1, enumId2) values (265, 105);
insert into corresponding(enumId1, enumId2) values (266, 106);
insert into corresponding(enumId1, enumId2) values (267, 107);
insert into corresponding(enumId1, enumId2) values (268, 108);
insert into corresponding(enumId1, enumId2) values (269, 109);
insert into corresponding(enumId1, enumId2) values (270, 110);
insert into corresponding(enumId1, enumId2) values (271, 111);
insert into corresponding(enumId1, enumId2) values (272, 96);
insert into corresponding(enumId1, enumId2) values (273, 97);
insert into corresponding(enumId1, enumId2) values (274, 98);
insert into corresponding(enumId1, enumId2) values (275, 99);
insert into corresponding(enumId1, enumId2) values (276, 100);
insert into corresponding(enumId1, enumId2) values (277, 101);
insert into corresponding(enumId1, enumId2) values (278, 102);
insert into corresponding(enumId1, enumId2) values (279, 103);
insert into corresponding(enumId1, enumId2) values (280, 104);
insert into corresponding(enumId1, enumId2) values (281, 105);
insert into corresponding(enumId1, enumId2) values (282, 106);
insert into corresponding(enumId1, enumId2) values (283, 107);
insert into corresponding(enumId1, enumId2) values (284, 108);
insert into corresponding(enumId1, enumId2) values (285, 109);
insert into corresponding(enumId1, enumId2) values (286, 110);
insert into corresponding(enumId1, enumId2) values (287, 111);
insert into corresponding(enumId1, enumId2) values (288, 96);
insert into corresponding(enumId1, enumId2) values (289, 97);
insert into corresponding(enumId1, enumId2) values (290, 98);
insert into corresponding(enumId1, enumId2) values (291, 99);
insert into corresponding(enumId1, enumId2) values (292, 100);
insert into corresponding(enumId1, enumId2) values (293, 101);
insert into corresponding(enumId1, enumId2) values (294, 102);
insert into corresponding(enumId1, enumId2) values (295, 103);
insert into corresponding(enumId1, enumId2) values (296, 104);
insert into corresponding(enumId1, enumId2) values (297, 105);
insert into corresponding(enumId1, enumId2) values (298, 106);
insert into corresponding(enumId1, enumId2) values (299, 107);
insert into corresponding(enumId1, enumId2) values (300, 108);
insert into corresponding(enumId1, enumId2) values (301, 109);
insert into corresponding(enumId1, enumId2) values (302, 110);
insert into corresponding(enumId1, enumId2) values (303, 111);
insert into corresponding(enumId1, enumId2) values (304, 96);
insert into corresponding(enumId1, enumId2) values (305, 97);
insert into corresponding(enumId1, enumId2) values (306, 98);
insert into corresponding(enumId1, enumId2) values (307, 99);
insert into corresponding(enumId1, enumId2) values (308, 100);
insert into corresponding(enumId1, enumId2) values (309, 101);
insert into corresponding(enumId1, enumId2) values (310, 102);
insert into corresponding(enumId1, enumId2) values (311, 103);
insert into corresponding(enumId1, enumId2) values (312, 104);
insert into corresponding(enumId1, enumId2) values (313, 105);
insert into corresponding(enumId1, enumId2) values (314, 106);
insert into corresponding(enumId1, enumId2) values (315, 107);
insert into corresponding(enumId1, enumId2) values (316, 108);
insert into corresponding(enumId1, enumId2) values (317, 109);
insert into corresponding(enumId1, enumId2) values (318, 110);
insert into corresponding(enumId1, enumId2) values (319, 111);

